-- EVT Datenbank Export
-- Exportiert am: 2025-11-09T20:12:32.240Z

BEGIN;

-- Tabelle: qualifikationen (14 Zeilen)
TRUNCATE TABLE qualifikationen CASCADE;
INSERT INTO qualifikationen ("id", "kuerzel", "name", "beschreibung") VALUES (1, 'TM', 'Truppmann', 'Grundausbildung für Feuerwehrleute');
INSERT INTO qualifikationen ("id", "kuerzel", "name", "beschreibung") VALUES (2, 'AGT', 'Atemschutzgeräteträger', 'Berechtigung zum Tragen von Atemschutzgeräten');
INSERT INTO qualifikationen ("id", "kuerzel", "name", "beschreibung") VALUES (3, 'MASCH', 'Maschinist', 'Befähigung zur Bedienung von Feuerwehrfahrzeugen');
INSERT INTO qualifikationen ("id", "kuerzel", "name", "beschreibung") VALUES (4, 'GF', 'Gruppenführer', 'Führungsausbildung für Gruppen');
INSERT INTO qualifikationen ("id", "kuerzel", "name", "beschreibung") VALUES (5, 'ZF', 'Zugführer', 'Führungsausbildung für Züge');
INSERT INTO qualifikationen ("id", "kuerzel", "name", "beschreibung") VALUES (6, 'FUNK', 'Sprechfunker', 'Berechtigung zur Funkkommunikation');
INSERT INTO qualifikationen ("id", "kuerzel", "name", "beschreibung") VALUES (7, 'FUEASS', 'Führungsassistent', 'Unterstützung der Einsatzleitung');
INSERT INTO qualifikationen ("id", "kuerzel", "name", "beschreibung") VALUES (8, 'TH', 'Technische Hilfeleistung', 'Spezialausbildung für technische Rettung');
INSERT INTO qualifikationen ("id", "kuerzel", "name", "beschreibung") VALUES (9, 'ABC1', 'ABC-Einsatz Stufe 1', 'Grundausbildung für ABC-Gefahren');
INSERT INTO qualifikationen ("id", "kuerzel", "name", "beschreibung") VALUES (10, 'CBRN_ERKKW', 'CBRN-Erkundungskraftwagen', 'Ausbildung für CBRN-Erkundung');
INSERT INTO qualifikationen ("id", "kuerzel", "name", "beschreibung") VALUES (11, 'FAHRER_B', 'Fahrer Klasse B', 'Führerschein Klasse B für MTF');
INSERT INTO qualifikationen ("id", "kuerzel", "name", "beschreibung") VALUES (12, 'San', 'Sanitäter', 'Sanitätsausbildung');
INSERT INTO qualifikationen ("id", "kuerzel", "name", "beschreibung") VALUES (13, 'MZ', 'Maschinisten-Zusatz', 'Zusatzausbildung für spezielle Fahrzeuge (z.B. RW)');
INSERT INTO qualifikationen ("id", "kuerzel", "name", "beschreibung") VALUES (14, 'WT18', 'Wasserträger 18t', 'Berechtigung für Wasserträger-Fahrzeuge über 18t');

-- Tabelle: users (83 Zeilen)
TRUNCATE TABLE users CASCADE;
INSERT INTO users ("id", "username", "password", "role", "vorname", "nachname", "qualifikationen", "muss_passwort_aendern") VALUES ('f8995539-18ab-4ee9-b7b6-0a1c39a2fdcb', 'testtestmann', '$2b$10$UiLEUiUa//WSeQM2bwAtdOLu79XXCDUIBZnAIWxnpAz2JPMT.GWiy', 'member', 'Test', 'Testmann', ARRAY['AGT']::text[], TRUE);
INSERT INTO users ("id", "username", "password", "role", "vorname", "nachname", "qualifikationen", "muss_passwort_aendern") VALUES ('7a07cdf8-bc64-4c54-bd14-3c79c554a2dc', 'felixmeier', '$2b$10$R4CV9FaK9K6RWt4hQMqCcums/E/t4FafEJD6KpzvhZ6NbgKqmbPBW', 'admin', 'Felix', 'Meier', ARRAY['MASCH','GF','TH','MZ','WT18']::text[], FALSE);
INSERT INTO users ("id", "username", "password", "role", "vorname", "nachname", "qualifikationen", "muss_passwort_aendern") VALUES ('a07b2445-35ff-4c6d-8483-07cec3df374e', 'anna.müller1', '$2b$10$Vy5KEOvykufqhz9NaJW61uDQwgz10AVGmeydKKkPGlUTLuxKjp7iu', 'member', 'Anna', 'Müller', ARRAY['TM','AGT','FUEASS','FAHRER_B']::text[], FALSE);
INSERT INTO users ("id", "username", "password", "role", "vorname", "nachname", "qualifikationen", "muss_passwort_aendern") VALUES ('31a9b0eb-bd5f-40d2-935d-f065592b9d04', 'peter.müller2', '$2b$10$gpctJNu3yLgVcrvKcUB6SePciHdpt.z1FoiVVpfFLDO3HhMTBQWWS', 'member', 'Peter', 'Müller', ARRAY['CBRN_ERKKW','San','FUNK','TM','MZ']::text[], FALSE);
INSERT INTO users ("id", "username", "password", "role", "vorname", "nachname", "qualifikationen", "muss_passwort_aendern") VALUES ('c99db4f8-45a3-4fe8-83b1-e98e579fa61c', 'maria.müller3', '$2b$10$yfkP3/PryC3vHGhizE98K.VLejPelUFZafHKUNOD9IViZ57jVUJX6', 'member', 'Maria', 'Müller', ARRAY['TM','ABC1','MZ','ZF']::text[], FALSE);
INSERT INTO users ("id", "username", "password", "role", "vorname", "nachname", "qualifikationen", "muss_passwort_aendern") VALUES ('4b2da8b4-8c51-49ff-8bdb-99f9fbd90b5c', 'moderator', '$2b$10$mQ577BQPJ85/JGyBIk4uYeMXPc8pka2OMxjD4SkXcAGhZxs2op/Qa', 'moderator', 'Moderator', 'User', ARRAY['TM','FUNK','FUEASS']::text[], FALSE);
INSERT INTO users ("id", "username", "password", "role", "vorname", "nachname", "qualifikationen", "muss_passwort_aendern") VALUES ('6c243c95-b8e7-491b-ad6c-e6372de6b62c', 'member', '$2b$10$FOlA01n2/CI18Vlk2gLwweNh2bvkfKKwrplH1R39raN5Xyi3GzBXu', 'member', 'Member', 'User', ARRAY['TM','FAHRER_B']::text[], FALSE);
INSERT INTO users ("id", "username", "password", "role", "vorname", "nachname", "qualifikationen", "muss_passwort_aendern") VALUES ('c6022c0e-8bca-413d-8026-6755363c798a', 'thomas.müller4', '$2b$10$G9OlsLa5l4zbsg3YEyiM7eF6vIV.6VgaYCe0W1lpcaeVi5WtsOfpW', 'member', 'Thomas', 'Müller', ARRAY['TM','MZ','FUEASS','FUNK','TH','CBRN_ERKKW','ZF']::text[], FALSE);
INSERT INTO users ("id", "username", "password", "role", "vorname", "nachname", "qualifikationen", "muss_passwort_aendern") VALUES ('f4134c6e-c78b-44f9-9d82-1f33eae4a4aa', 'anna.schmidt27', '$2b$10$r14Oe55MUQjAUiUXabaOO.2jUuwi4p6pC.V1y/nYWqxRHGNjUsjsW', 'member', 'Anna', 'Schmidt', ARRAY['CBRN_ERKKW','TM']::text[], FALSE);
INSERT INTO users ("id", "username", "password", "role", "vorname", "nachname", "qualifikationen", "muss_passwort_aendern") VALUES ('f1728df0-028f-4c29-9ff3-13f0f62bc101', 'lisa.müller5', '$2b$10$EEVZgtwERjTPMuavWxDGJegljVDSf6NdGd3Ysag/O5mQK03RUV1da', 'member', 'Lisa', 'Müller', ARRAY['TM','FUEASS']::text[], FALSE);
INSERT INTO users ("id", "username", "password", "role", "vorname", "nachname", "qualifikationen", "muss_passwort_aendern") VALUES ('1712d237-eaf1-420d-a215-3b3f7e9cfdc8', 'michael.müller6', '$2b$10$LINuubJ9DpgBZKIIE.qc2OR1vLF9bQSy6Dp4khkKpUNNmv5tzzmlG', 'member', 'Michael', 'Müller', ARRAY['TM','GF','MASCH']::text[], FALSE);
INSERT INTO users ("id", "username", "password", "role", "vorname", "nachname", "qualifikationen", "muss_passwort_aendern") VALUES ('e662400d-8b1e-4e65-9299-0cc586095088', 'sarah.müller7', '$2b$10$CKuY5hnpM85RH/3TnsZcvOkweNStZJpuKA211x7e5kGixDMO3j0jK', 'member', 'Sarah', 'Müller', ARRAY['TM','ABC1','MASCH','FUNK','CBRN_ERKKW','GF']::text[], FALSE);
INSERT INTO users ("id", "username", "password", "role", "vorname", "nachname", "qualifikationen", "muss_passwort_aendern") VALUES ('485a5fb8-4a95-4361-a355-c6d324b5459f', 'andreas.müller8', '$2b$10$XISrWOY0Hxzb0uIrNQliHuh2NNNSst1S1sAn0gEcDCGFUGWMKEeh.', 'member', 'Andreas', 'Müller', ARRAY['MZ','FAHRER_B','AGT','WT18','TM','ZF']::text[], FALSE);
INSERT INTO users ("id", "username", "password", "role", "vorname", "nachname", "qualifikationen", "muss_passwort_aendern") VALUES ('80c7aa6b-2622-4932-baf4-f1c717e9031b', 'julia.müller9', '$2b$10$vs4WJ/K/aX6vbJAbCeJLvOh6njwH/6mMRsRezslAZPtfV4KeJ2Sca', 'member', 'Julia', 'Müller', ARRAY['TM','MZ','AGT','MASCH','FUNK','GF']::text[], FALSE);
INSERT INTO users ("id", "username", "password", "role", "vorname", "nachname", "qualifikationen", "muss_passwort_aendern") VALUES ('7a84c8a1-cad4-4540-8bc7-d025a6389c09', 'christian.müller10', '$2b$10$1GUw2aB9L7eSOf1UCxF86e9XAUCiUTHy30OMXsoiUEo7bJsTL1UhS', 'member', 'Christian', 'Müller', ARRAY['TM','San','AGT','CBRN_ERKKW','MASCH','TH']::text[], FALSE);
INSERT INTO users ("id", "username", "password", "role", "vorname", "nachname", "qualifikationen", "muss_passwort_aendern") VALUES ('06b86b7d-3490-4795-ad54-66f5f4156604', 'laura.müller11', '$2b$10$av0uwD9ermCXe1LZC5vh8.HMuy6ykTknkUoucy9inyD1K3uuQhFni', 'member', 'Laura', 'Müller', ARRAY['TM','FUEASS','TH','ZF','AGT','MZ']::text[], FALSE);
INSERT INTO users ("id", "username", "password", "role", "vorname", "nachname", "qualifikationen", "muss_passwort_aendern") VALUES ('09db85eb-ec97-4d14-94c5-b894da46a8d2', 'daniel.müller12', '$2b$10$CwfoYdj2bppCPChm57kHqOJs/O6.e9WpJlntTqOSvf6PgUxQA8JdS', 'member', 'Daniel', 'Müller', ARRAY['TM','MZ','WT18']::text[], FALSE);
INSERT INTO users ("id", "username", "password", "role", "vorname", "nachname", "qualifikationen", "muss_passwort_aendern") VALUES ('08468e4e-cee0-4069-aee1-25be3864d359', 'sophie.müller13', '$2b$10$Pucw8NStAeEeJ07HoYW7P.YKRLvpjN5d04z6OWJ0LGM/UBk4hjWWC', 'member', 'Sophie', 'Müller', ARRAY['TM','ABC1','TH']::text[], FALSE);
INSERT INTO users ("id", "username", "password", "role", "vorname", "nachname", "qualifikationen", "muss_passwort_aendern") VALUES ('dc17b407-c7c8-44ea-9a79-8493f687ed75', 'martin.müller14', '$2b$10$BPjzv9kok4BVJj09runKCuhkkGV0b2wKgRzDeHz9MEK9r.B6vKL6G', 'member', 'Martin', 'Müller', ARRAY['TM','AGT','CBRN_ERKKW']::text[], FALSE);
INSERT INTO users ("id", "username", "password", "role", "vorname", "nachname", "qualifikationen", "muss_passwort_aendern") VALUES ('c4cf03f0-215a-4e8f-a635-8d12eb9f5814', 'emma.müller15', '$2b$10$QioZIEkSBYhqXeHUYzoSZu3Ull0fgETPkNiUMjuTKJ8gCG2CxzQlu', 'member', 'Emma', 'Müller', ARRAY['TM','ZF','GF','MZ','TH']::text[], FALSE);
INSERT INTO users ("id", "username", "password", "role", "vorname", "nachname", "qualifikationen", "muss_passwort_aendern") VALUES ('92411b9a-8cd8-417c-a2fd-85954516956e', 'stefan.müller16', '$2b$10$pFN5BCy9NXTgtwWjueDjSeg0I.eA9HbnfuaX9P9ZEEPwt1KoOrpqO', 'member', 'Stefan', 'Müller', ARRAY['TM','FUEASS','MASCH','ABC1','GF']::text[], FALSE);
INSERT INTO users ("id", "username", "password", "role", "vorname", "nachname", "qualifikationen", "muss_passwort_aendern") VALUES ('a021a634-86d1-4c79-b008-0e7fc9c86848', 'lena.müller17', '$2b$10$T.FfktTxItvoE0c3SIeBmOXTJKVvkmeHmqAlG88fvjMHnyPsb4m92', 'member', 'Lena', 'Müller', ARRAY['TM','ZF']::text[], FALSE);
INSERT INTO users ("id", "username", "password", "role", "vorname", "nachname", "qualifikationen", "muss_passwort_aendern") VALUES ('65cb5542-e72f-45e9-b8bd-733fd5b33ff7', 'markus.müller18', '$2b$10$YqrHgfrEoCbILcr2HAGYGeSE9UaA6q7m0cwG/h4Ooy.LOaTF5bWX2', 'member', 'Markus', 'Müller', ARRAY['TM','GF','WT18','MZ']::text[], FALSE);
INSERT INTO users ("id", "username", "password", "role", "vorname", "nachname", "qualifikationen", "muss_passwort_aendern") VALUES ('2885c7ae-79da-4c8f-b8a1-faefedd0d120', 'hannah.müller19', '$2b$10$0wbFK5Jmu8ywHjN32p/lqeJI2EMKhPwzzXahTguI/77mcoZzOJbXu', 'member', 'Hannah', 'Müller', ARRAY['TM','WT18','TH','MZ','AGT']::text[], FALSE);
INSERT INTO users ("id", "username", "password", "role", "vorname", "nachname", "qualifikationen", "muss_passwort_aendern") VALUES ('751ed530-9871-4017-a696-5366126cfabc', 'alexander.müller20', '$2b$10$LBU5jQHHpQVZzXdV1A4nreqZN01Q/KcKYiLzTbuvn1OlAYy8CYZv.', 'member', 'Alexander', 'Müller', ARRAY['MASCH','FUEASS']::text[], FALSE);
INSERT INTO users ("id", "username", "password", "role", "vorname", "nachname", "qualifikationen", "muss_passwort_aendern") VALUES ('4dd0b5dd-2b5e-40e6-9b4f-1a07b370f147', 'mia.müller21', '$2b$10$V3s8w9F/ReIXtl66WgYkFeCLCYh.kaG7owxAnCqAs4nwp0guXNi.K', 'member', 'Mia', 'Müller', ARRAY['TM','FUEASS','TH','AGT','GF','CBRN_ERKKW']::text[], FALSE);
INSERT INTO users ("id", "username", "password", "role", "vorname", "nachname", "qualifikationen", "muss_passwort_aendern") VALUES ('7195aa79-2806-405c-801e-c629da4edf35', 'sebastian.müller22', '$2b$10$jKI82MslBpb1jKEPvj5fq.gxAcG80FssDd4sBHzfSst9rucsLQM3a', 'member', 'Sebastian', 'Müller', ARRAY['TM','MASCH','WT18']::text[], FALSE);
INSERT INTO users ("id", "username", "password", "role", "vorname", "nachname", "qualifikationen", "muss_passwort_aendern") VALUES ('f720af72-4815-41b5-a711-5f41cc1f0c9d', 'johanna.müller23', '$2b$10$GUcWHrEk0CHh./dILZ5J4.70ZVIv9BPdY1DDhCHdT5jJRLIp.bkvm', 'member', 'Johanna', 'Müller', ARRAY['TM','San','CBRN_ERKKW','GF','TH','MASCH']::text[], FALSE);
INSERT INTO users ("id", "username", "password", "role", "vorname", "nachname", "qualifikationen", "muss_passwort_aendern") VALUES ('e49e3888-ca31-4d59-bd71-f5195b774da2', 'felix.müller24', '$2b$10$5OAvL.TZdubvgrn.TsaZ9.ZUfr9G1PQKfPOqkREh2VCm96MQppmpi', 'member', 'Felix', 'Müller', ARRAY['FUNK','AGT','TH']::text[], FALSE);
INSERT INTO users ("id", "username", "password", "role", "vorname", "nachname", "qualifikationen", "muss_passwort_aendern") VALUES ('5a4a9852-5198-4c38-b748-943e39cb4898', 'lea.müller25', '$2b$10$PBIgaCFi2LSdmxCDZy0kBuWJQeVu2iQwX4WKGoCmZLzJCvI0augfq', 'member', 'Lea', 'Müller', ARRAY['TM','MASCH','FUNK','CBRN_ERKKW','WT18','TH','ZF']::text[], FALSE);
INSERT INTO users ("id", "username", "password", "role", "vorname", "nachname", "qualifikationen", "muss_passwort_aendern") VALUES ('0974ce1d-a4c8-4cfe-92be-24e115c8256a', 'max.schmidt26', '$2b$10$/gEK6.kqBQV6zZWahfpZrue1s/E4sYeNmNCD5.E0i2um.8jMx5o2y', 'member', 'Max', 'Schmidt', ARRAY['TM','AGT']::text[], FALSE);
INSERT INTO users ("id", "username", "password", "role", "vorname", "nachname", "qualifikationen", "muss_passwort_aendern") VALUES ('fbe37dd2-08b7-481a-86af-fdf669bc584f', 'peter.schmidt28', '$2b$10$sZkKyaTI/tU0OAzADEUz3.gt2dLpO.lK4CsuZ4Rylu2F0f75jLgAC', 'member', 'Peter', 'Schmidt', ARRAY['TM','GF','TH','ZF','CBRN_ERKKW','San']::text[], FALSE);
INSERT INTO users ("id", "username", "password", "role", "vorname", "nachname", "qualifikationen", "muss_passwort_aendern") VALUES ('e53fe24d-9fca-43ba-ba83-735df41a7a4c', 'maria.schmidt29', '$2b$10$S7osg3tjqL6rTAoKUJq1kunEBWLt3yRL7hceOWCSJe7YpmmONfVeq', 'member', 'Maria', 'Schmidt', ARRAY['TM','FUEASS']::text[], FALSE);
INSERT INTO users ("id", "username", "password", "role", "vorname", "nachname", "qualifikationen", "muss_passwort_aendern") VALUES ('5cf35e20-bbde-4163-bf6b-4fb61ba31301', 'thomas.schmidt30', '$2b$10$Nz7CxsO5tEwLRcoP2VTYBuny20ZnElsidKxDb9HZuI0WgrPJqckjm', 'member', 'Thomas', 'Schmidt', ARRAY['TM','FUEASS','ZF','San','AGT','FUNK','GF']::text[], FALSE);
INSERT INTO users ("id", "username", "password", "role", "vorname", "nachname", "qualifikationen", "muss_passwort_aendern") VALUES ('6903bae3-071f-4add-bbc5-08c6a2c06644', 'lisa.schmidt31', '$2b$10$CIFtHOqwkUOsa3jDETjCUej0qXbIrHdFEmjsx4B2pmM/ZLM73r3oO', 'member', 'Lisa', 'Schmidt', ARRAY['TM','TH','FUEASS']::text[], FALSE);
INSERT INTO users ("id", "username", "password", "role", "vorname", "nachname", "qualifikationen", "muss_passwort_aendern") VALUES ('b1aa5b04-6da0-4540-8678-e491abe04fc9', 'michael.schmidt32', '$2b$10$M/MpByPouPMrCKSppNer/ORNrey166DkTbCr5wrP0rMD7x6/JJcKa', 'member', 'Michael', 'Schmidt', ARRAY['TM','WT18','ABC1','MASCH']::text[], FALSE);
INSERT INTO users ("id", "username", "password", "role", "vorname", "nachname", "qualifikationen", "muss_passwort_aendern") VALUES ('69f48b51-b7e1-41e9-8d01-bc9126f047af', 'sarah.schmidt33', '$2b$10$.HtUItC.PNz5OGSgXzABQuuGFEiiw5ZTj6An4NDSVBQs3ZB4P6dle', 'member', 'Sarah', 'Schmidt', ARRAY['TM','CBRN_ERKKW','GF']::text[], FALSE);
INSERT INTO users ("id", "username", "password", "role", "vorname", "nachname", "qualifikationen", "muss_passwort_aendern") VALUES ('92103f77-0af4-4003-b812-521a65e01d7f', 'andreas.schmidt34', '$2b$10$91iexwvloeaq6MCJ0mbXf.a7VlSrZhhiGHTEvEzixutGF5drmpk0G', 'member', 'Andreas', 'Schmidt', ARRAY['TM','San','MASCH']::text[], FALSE);
INSERT INTO users ("id", "username", "password", "role", "vorname", "nachname", "qualifikationen", "muss_passwort_aendern") VALUES ('f6fa0eee-dc47-4071-9b7c-9850d90c7074', 'julia.schmidt35', '$2b$10$ZEdG2Y2BnoJaxtbSguHCA.JgLN3Z.g7yIHlc/lACM4ZVY.TV83CuW', 'member', 'Julia', 'Schmidt', ARRAY['TM','GF','ZF','FUNK','FUEASS','MASCH']::text[], FALSE);
INSERT INTO users ("id", "username", "password", "role", "vorname", "nachname", "qualifikationen", "muss_passwort_aendern") VALUES ('7965165b-03eb-4ff4-a8b1-fe76821ebfd6', 'christian.schmidt36', '$2b$10$YdbN3OeXrvzz9Y9/FjNxTe1E9XYLzNuqXlQktHJq18h..G1xqXcvS', 'member', 'Christian', 'Schmidt', ARRAY['TM','AGT','WT18','FAHRER_B','GF']::text[], FALSE);
INSERT INTO users ("id", "username", "password", "role", "vorname", "nachname", "qualifikationen", "muss_passwort_aendern") VALUES ('cdcd3d89-3356-4e52-9530-58df438b9ffd', 'laura.schmidt37', '$2b$10$UWhE2181pN35kJt9o/pvV.I.5tJ/tcjfX7q5XYgcoQKUBJqQ6CIQ6', 'member', 'Laura', 'Schmidt', ARRAY['TM','MZ','GF']::text[], FALSE);
INSERT INTO users ("id", "username", "password", "role", "vorname", "nachname", "qualifikationen", "muss_passwort_aendern") VALUES ('4d7bf43d-6a48-44ba-8249-08bc8b1ef1e6', 'daniel.schmidt38', '$2b$10$WkcltOQ0PVmkK5gkiTD.K.Lwdgu8rmq3jNEGx0xwgU/9gZWI.8OOO', 'member', 'Daniel', 'Schmidt', ARRAY['TM','ZF','ABC1','AGT']::text[], FALSE);
INSERT INTO users ("id", "username", "password", "role", "vorname", "nachname", "qualifikationen", "muss_passwort_aendern") VALUES ('faf3c73c-53ab-4f02-bf66-7d45a4c073fb', 'sophie.schmidt39', '$2b$10$pkB4yor4K1Zqrmf.EQ4XbuP/wWBbD7T/0bBm5A8i0lpWrj43zuWWO', 'member', 'Sophie', 'Schmidt', ARRAY['TM','FAHRER_B','ZF']::text[], FALSE);
INSERT INTO users ("id", "username", "password", "role", "vorname", "nachname", "qualifikationen", "muss_passwort_aendern") VALUES ('59744429-8ee6-4e95-8f37-aa707fe3b4a2', 'martin.schmidt40', '$2b$10$AMZqZogPUwRjfLkRWhiRPesrOo3xdw3w5K1JY9qxHnxPGgq6.slae', 'member', 'Martin', 'Schmidt', ARRAY['TM','TH','MZ','FUNK','ABC1','AGT','CBRN_ERKKW']::text[], FALSE);
INSERT INTO users ("id", "username", "password", "role", "vorname", "nachname", "qualifikationen", "muss_passwort_aendern") VALUES ('77aad1a0-87f2-4cf3-81b8-8faaaa17b4a4', 'emma.schmidt41', '$2b$10$aY0ap4J0EgyragnQINdEMeKfgDRANPoLOCDORYupc2/SNDtSjdhDO', 'member', 'Emma', 'Schmidt', ARRAY['TM','FUEASS','GF','CBRN_ERKKW','FUNK','TH']::text[], FALSE);
INSERT INTO users ("id", "username", "password", "role", "vorname", "nachname", "qualifikationen", "muss_passwort_aendern") VALUES ('9bc6a54f-b4a5-4eff-9338-70726a938803', 'stefan.schmidt42', '$2b$10$Wguo2kY5PJwVUBvMKeWtI.7f8FWp2E3d89GHQFQsmK9Yenqp4bYwS', 'member', 'Stefan', 'Schmidt', ARRAY['TM','San','CBRN_ERKKW','GF','TH','AGT']::text[], FALSE);
INSERT INTO users ("id", "username", "password", "role", "vorname", "nachname", "qualifikationen", "muss_passwort_aendern") VALUES ('2d62055e-be00-480e-a01a-e65fca857fcc', 'lena.schmidt43', '$2b$10$u.Id54nqj0pDkwpMymAo7O.kx3c.JmohOoekH9phhrnK.mOCzzfb2', 'member', 'Lena', 'Schmidt', ARRAY['TM','FUEASS','ABC1','AGT','WT18','MASCH']::text[], FALSE);
INSERT INTO users ("id", "username", "password", "role", "vorname", "nachname", "qualifikationen", "muss_passwort_aendern") VALUES ('d04cc9c0-21b1-4162-abb4-29cc6f6907e2', 'markus.schmidt44', '$2b$10$D4FOSYfD.TCKC.5RcHj9auHpEQhSK5934A2b0gzNwvKOcxy4dXoQO', 'member', 'Markus', 'Schmidt', ARRAY['TM','MZ','ZF','GF','FUNK']::text[], FALSE);
INSERT INTO users ("id", "username", "password", "role", "vorname", "nachname", "qualifikationen", "muss_passwort_aendern") VALUES ('3dc710ee-7efc-4c67-a971-f6be75dc4346', 'hannah.schmidt45', '$2b$10$0hNZQaUvNtGqwmgMTHjk8ucTBPnWAsPFq2dj5cNLVnz00X3Br.xHG', 'member', 'Hannah', 'Schmidt', ARRAY['TM','AGT','FAHRER_B','GF','MASCH','ZF']::text[], FALSE);
INSERT INTO users ("id", "username", "password", "role", "vorname", "nachname", "qualifikationen", "muss_passwort_aendern") VALUES ('5eea0441-4506-4720-a822-9ff2ecf741e9', 'alexander.schmidt46', '$2b$10$s2ylKa.3XCHz0S9OeQODben3Heys8K/a6Ub8UVUAZHv5W0kmWNrZ6', 'member', 'Alexander', 'Schmidt', ARRAY['TM','MASCH','FUEASS','San','ABC1','GF']::text[], FALSE);
INSERT INTO users ("id", "username", "password", "role", "vorname", "nachname", "qualifikationen", "muss_passwort_aendern") VALUES ('d22f42f5-8898-4244-8b9b-4c35ae88a3d6', 'mia.schmidt47', '$2b$10$ffE6r4aa44YYpl80adgG7eFiusvzxkmEyUzgdSv.2fPreNUEJEnIO', 'member', 'Mia', 'Schmidt', ARRAY['TM','CBRN_ERKKW','TH','ABC1','MZ','FAHRER_B']::text[], FALSE);
INSERT INTO users ("id", "username", "password", "role", "vorname", "nachname", "qualifikationen", "muss_passwort_aendern") VALUES ('0f994306-7d3b-419b-ba8a-c1899dd7a2d3', 'sebastian.schmidt48', '$2b$10$MNywuS1FlbEma85OsWFhG.Uo6YZMNjpbE5luCf4bdReeK6RHyN4gu', 'member', 'Sebastian', 'Schmidt', ARRAY['TM','AGT','San']::text[], FALSE);
INSERT INTO users ("id", "username", "password", "role", "vorname", "nachname", "qualifikationen", "muss_passwort_aendern") VALUES ('f24cf83e-f8c5-4a01-9616-3e981c04dec9', 'johanna.schmidt49', '$2b$10$DM14n0tG86GlNINVs5zNXe9wLYbUBRb/xXnapyX63FmtJBfkG5sxW', 'member', 'Johanna', 'Schmidt', ARRAY['TM','AGT','FAHRER_B','MASCH']::text[], FALSE);
INSERT INTO users ("id", "username", "password", "role", "vorname", "nachname", "qualifikationen", "muss_passwort_aendern") VALUES ('a2cf70e3-76d4-4913-807f-2050d4c75efc', 'felix.schmidt50', '$2b$10$CJwiHwUHj2OUX0/sjkep7OhInFaaY0RzSKtgG3/ZhdChbKAhtKkB.', 'member', 'Felix', 'Schmidt', ARRAY['TM','GF','MASCH','FAHRER_B','WT18']::text[], FALSE);
INSERT INTO users ("id", "username", "password", "role", "vorname", "nachname", "qualifikationen", "muss_passwort_aendern") VALUES ('399279f7-87dd-4e86-9277-fa4ab950e2ba', 'lea.schmidt51', '$2b$10$cEilYC.g9pQmTG/994R97.DLd3MtIdP6FaxbQ0joVKU2peXHiQMI2', 'member', 'Lea', 'Schmidt', ARRAY['TM','WT18','FUEASS']::text[], FALSE);
INSERT INTO users ("id", "username", "password", "role", "vorname", "nachname", "qualifikationen", "muss_passwort_aendern") VALUES ('9967b9ab-0e38-486b-b763-04e658c4bcba', 'max.schneider52', '$2b$10$VS8UKJ3a60bq81ykp6KlU.Va6ZY3C5Xknv8TyKyOpJUDzZqHqe0vS', 'member', 'Max', 'Schneider', ARRAY['TM','FUEASS','FAHRER_B','MZ']::text[], FALSE);
INSERT INTO users ("id", "username", "password", "role", "vorname", "nachname", "qualifikationen", "muss_passwort_aendern") VALUES ('973b2832-e319-40f5-8a17-eee9c9a25124', 'anna.schneider53', '$2b$10$vLWdS20yR6FKJ.Qs8ejmWeKoOp.ZRU.WUlZWQmszgf/CW4MrsAuka', 'member', 'Anna', 'Schneider', ARRAY['TM','FUEASS','San','GF']::text[], FALSE);
INSERT INTO users ("id", "username", "password", "role", "vorname", "nachname", "qualifikationen", "muss_passwort_aendern") VALUES ('7f5875f6-72a6-4bf9-9ff8-fa4e4eb02f2f', 'peter.schneider54', '$2b$10$aU0OXLZG6nHyMAibvkobMup6O7h2h7Hcad46sJ2pJI5VBkQUTviGe', 'member', 'Peter', 'Schneider', ARRAY['TM','CBRN_ERKKW','ABC1','FAHRER_B','MZ']::text[], FALSE);
INSERT INTO users ("id", "username", "password", "role", "vorname", "nachname", "qualifikationen", "muss_passwort_aendern") VALUES ('7971f8f8-9d1d-4936-b90b-5131fcd0c16a', 'maria.schneider55', '$2b$10$6UslYzngEI.QVx77r0DFH.rkbnmQRZydYIQXnkwjf5UKnUGXRB7le', 'member', 'Maria', 'Schneider', ARRAY['TM','WT18','San','FUNK','GF','ABC1','MASCH']::text[], FALSE);
INSERT INTO users ("id", "username", "password", "role", "vorname", "nachname", "qualifikationen", "muss_passwort_aendern") VALUES ('41267eb7-c217-47b7-b23b-88b16e5eabf5', 'thomas.schneider56', '$2b$10$1AtQdkhEI7rL6PDvxwPbl.SD8SU6dHnRnUt1CoH0.dODJHHD/w3.W', 'member', 'Thomas', 'Schneider', ARRAY['MZ','ABC1','FUNK','ZF','GF','MASCH']::text[], FALSE);
INSERT INTO users ("id", "username", "password", "role", "vorname", "nachname", "qualifikationen", "muss_passwort_aendern") VALUES ('768a2487-13f9-49ec-b57b-d23b3517cc53', 'lisa.schneider57', '$2b$10$al8LbhkySEa4ZdZE91KFJe9/p2gO6hRGJLd9T4Hp1QLFq.EHbVqc.', 'member', 'Lisa', 'Schneider', ARRAY['TM','MASCH','WT18','MZ','TH']::text[], FALSE);
INSERT INTO users ("id", "username", "password", "role", "vorname", "nachname", "qualifikationen", "muss_passwort_aendern") VALUES ('ef65bd66-08fa-4c11-bd2c-9856fefa7c38', 'michael.schneider58', '$2b$10$wE9gCll8CLcTYxYt.ssy8eoxRMlJUYpsKRABazJ1A54N9UwSH.U9a', 'member', 'Michael', 'Schneider', ARRAY['MASCH','WT18']::text[], FALSE);
INSERT INTO users ("id", "username", "password", "role", "vorname", "nachname", "qualifikationen", "muss_passwort_aendern") VALUES ('09da7a7a-2f66-46ed-9452-aa0211d49083', 'sarah.schneider59', '$2b$10$SR.J1CUXcWY2Q9omzcMHfuBgqYHKJXaOEOVpKYXBodihsBpuR/cQS', 'member', 'Sarah', 'Schneider', ARRAY['TM','CBRN_ERKKW']::text[], FALSE);
INSERT INTO users ("id", "username", "password", "role", "vorname", "nachname", "qualifikationen", "muss_passwort_aendern") VALUES ('ef959f3e-d79d-4f00-80b2-37356be30ad3', 'andreas.schneider60', '$2b$10$B5cplDDHaerUDrVWnEJ0fucOISafL3HP1sHNn.4UPDQxvX.94DIwC', 'member', 'Andreas', 'Schneider', ARRAY['TM','AGT']::text[], FALSE);
INSERT INTO users ("id", "username", "password", "role", "vorname", "nachname", "qualifikationen", "muss_passwort_aendern") VALUES ('0e69516c-0233-483a-985e-d81e04457db5', 'julia.schneider61', '$2b$10$TeUq1dXoxkKwyXAQKOGbSOrNcl7SbZV7HfNsTQMdmlqqvzPVr8dfG', 'member', 'Julia', 'Schneider', ARRAY['WT18','FUEASS']::text[], FALSE);
INSERT INTO users ("id", "username", "password", "role", "vorname", "nachname", "qualifikationen", "muss_passwort_aendern") VALUES ('01327d86-ba34-414c-8bbb-b7b83b366b36', 'christian.schneider62', '$2b$10$AVqqWC/pL/vLGFs6JYL8luWDQShanWr/jXJHPwibCGd.DTRzBGZXi', 'member', 'Christian', 'Schneider', ARRAY['CBRN_ERKKW','ABC1','GF']::text[], FALSE);
INSERT INTO users ("id", "username", "password", "role", "vorname", "nachname", "qualifikationen", "muss_passwort_aendern") VALUES ('deb1b841-e5bb-4d3e-b5d8-bd3f852813a1', 'laura.schneider63', '$2b$10$fS57/G/dV8cLFQP8Af9VCOZDas3iR6K7OJOiFxkzdbdGse83dcYje', 'member', 'Laura', 'Schneider', ARRAY['TM','TH','GF','AGT','MZ','ZF','FAHRER_B']::text[], FALSE);
INSERT INTO users ("id", "username", "password", "role", "vorname", "nachname", "qualifikationen", "muss_passwort_aendern") VALUES ('b9ae0d7a-13cc-4356-a80c-123ce425498e', 'daniel.schneider64', '$2b$10$2olzs9xvtWYi2zWa/1HARuNnlgf6CvNAU2tHssgpy5oKs9GtELW2G', 'member', 'Daniel', 'Schneider', ARRAY['San','MASCH','ABC1']::text[], FALSE);
INSERT INTO users ("id", "username", "password", "role", "vorname", "nachname", "qualifikationen", "muss_passwort_aendern") VALUES ('823d7174-54f6-412e-9948-51db8fad206b', 'sophie.schneider65', '$2b$10$WLwCj3R.PUCKGcFblpRpI.uqSWNB6ExKnVUF2nT2IHq0CwglpRcRq', 'member', 'Sophie', 'Schneider', ARRAY['TM','TH','ZF','FUEASS','CBRN_ERKKW','FAHRER_B']::text[], FALSE);
INSERT INTO users ("id", "username", "password", "role", "vorname", "nachname", "qualifikationen", "muss_passwort_aendern") VALUES ('a89d88a3-241f-438c-9a89-18035e75f90d', 'martin.schneider66', '$2b$10$a8w9GJtzOROA2qlUJm4w4eikGXiylZXZ7hF8CcPiHW5WCkjPYEJjO', 'member', 'Martin', 'Schneider', ARRAY['TM','FUEASS','GF','AGT','TH','ABC1']::text[], FALSE);
INSERT INTO users ("id", "username", "password", "role", "vorname", "nachname", "qualifikationen", "muss_passwort_aendern") VALUES ('bd46a359-1851-4171-b8bf-d5d62dfc90c5', 'emma.schneider67', '$2b$10$C.D4CUU5BQr1pI1gjKfyAesQ5uV6dmytRx25N6Z0ctenOxv.rTBEe', 'member', 'Emma', 'Schneider', ARRAY['TM','TH','GF','MZ','FUEASS']::text[], FALSE);
INSERT INTO users ("id", "username", "password", "role", "vorname", "nachname", "qualifikationen", "muss_passwort_aendern") VALUES ('c2d99dc8-67ca-40cc-a865-7199aeb9ffa2', 'stefan.schneider68', '$2b$10$1T2m0s7cDnXX6KQNw5rNpuU2Y2h30UeRGAH/.AjejLlZXMqpy0D.W', 'member', 'Stefan', 'Schneider', ARRAY['TM','MASCH','GF','ZF','ABC1']::text[], FALSE);
INSERT INTO users ("id", "username", "password", "role", "vorname", "nachname", "qualifikationen", "muss_passwort_aendern") VALUES ('673d0abd-b410-4e37-bc27-4519f7c8c23d', 'lena.schneider69', '$2b$10$OQoATu2rofPn4ngINwkkgOiTO3d.Mi7vXQPm7gAYanDNebRzqsMoi', 'member', 'Lena', 'Schneider', ARRAY['TM','ZF','MASCH','FAHRER_B','AGT','FUEASS']::text[], FALSE);
INSERT INTO users ("id", "username", "password", "role", "vorname", "nachname", "qualifikationen", "muss_passwort_aendern") VALUES ('4e04a930-4b71-4918-9b8c-fa716b025f29', 'markus.schneider70', '$2b$10$N7mceqnjDNlHK3MlTIJwC.go137TQN7wXdrHfVOXJgLyw/dQY.FV.', 'member', 'Markus', 'Schneider', ARRAY['FUNK','FUEASS','TH','CBRN_ERKKW','TM']::text[], FALSE);
INSERT INTO users ("id", "username", "password", "role", "vorname", "nachname", "qualifikationen", "muss_passwort_aendern") VALUES ('57175e41-a94e-4d6b-bedd-26e910f37851', 'hannah.schneider71', '$2b$10$waYWIKI.srMLWwvxlF3V4OxAJ.JdZtcVb0u1MN0r4Xn9IVjsstyF2', 'member', 'Hannah', 'Schneider', ARRAY['TM','San','GF','ZF','FUNK']::text[], FALSE);
INSERT INTO users ("id", "username", "password", "role", "vorname", "nachname", "qualifikationen", "muss_passwort_aendern") VALUES ('a310da0e-8af8-460b-a150-f2927c50be07', 'alexander.schneider72', '$2b$10$APpXxgtOC3hrrS6s5/HgROlpV17e7luzW7VelvGux1CnlELT4ZSRG', 'member', 'Alexander', 'Schneider', ARRAY['TM','ZF','TH','San']::text[], FALSE);
INSERT INTO users ("id", "username", "password", "role", "vorname", "nachname", "qualifikationen", "muss_passwort_aendern") VALUES ('e9e9d231-6fe4-46d5-ae69-7240b8955aca', 'mia.schneider73', '$2b$10$Z7DNeSI/nR6yHC/YXWKo6edriIh5s0CKeindoDCeZxJHf0GAhjfVS', 'member', 'Mia', 'Schneider', ARRAY['TM','TH','FUEASS']::text[], FALSE);
INSERT INTO users ("id", "username", "password", "role", "vorname", "nachname", "qualifikationen", "muss_passwort_aendern") VALUES ('97bfae86-57c0-4fec-afd1-213e0daffe01', 'sebastian.schneider74', '$2b$10$q06b9nQh.wd6itOXpR9rYOKFe7GXcE.AGnFcToUtm7Plr6niZo/9G', 'member', 'Sebastian', 'Schneider', ARRAY['TM','GF','San']::text[], FALSE);
INSERT INTO users ("id", "username", "password", "role", "vorname", "nachname", "qualifikationen", "muss_passwort_aendern") VALUES ('777699a7-b63e-4014-be78-443b126dd2e4', 'johanna.schneider75', '$2b$10$ihmZBCrjzQdYIEzOdMJ7K.arpKnVRV5ZzCDUS2JBgtU/dIrYSYHs2', 'member', 'Johanna', 'Schneider', ARRAY['TM','MASCH','GF','FAHRER_B','WT18','TH']::text[], FALSE);
INSERT INTO users ("id", "username", "password", "role", "vorname", "nachname", "qualifikationen", "muss_passwort_aendern") VALUES ('bff4a4b7-f0cd-40ac-baf1-47780262c350', 'felix.schneider76', '$2b$10$wfrHTfHHPxxdljIm7rRKx.17BEHwxS65lekowbhzGZUxbS74wSxf2', 'member', 'Felix', 'Schneider', ARRAY['TM','GF','ZF','MASCH','AGT','FAHRER_B']::text[], FALSE);
INSERT INTO users ("id", "username", "password", "role", "vorname", "nachname", "qualifikationen", "muss_passwort_aendern") VALUES ('aadc3e52-c227-4595-9ed8-9e4b5030dc0e', 'lea.schneider77', '$2b$10$Esa8d9hK.gXCUfU0L8Gh7O.fc4uEtXRuA6AU0FsZevRGEOSeUpS/y', 'member', 'Lea', 'Schneider', ARRAY['TM','ABC1','TH']::text[], FALSE);
INSERT INTO users ("id", "username", "password", "role", "vorname", "nachname", "qualifikationen", "muss_passwort_aendern") VALUES ('4ac67b09-403c-4761-b6cf-09bd448b3e71', 'testadmin', '$2b$10$TESTPASSWORD_FEUER123_HASH', 'admin', 'Test', 'Admin', '{}', FALSE);
INSERT INTO users ("id", "username", "password", "role", "vorname", "nachname", "qualifikationen", "muss_passwort_aendern") VALUES ('ba0406a0-fb40-43da-99cb-cf448b9469e5', 'admin', '$2b$10$fx0mY8XWz/7DYiM/XEqjL.uAifYmWi5gVxJ85iExXBQr1zDWPSxVS', 'admin', 'Admin', 'User', ARRAY['TM','AGT','MASCH','GF','ZF']::text[], FALSE);

-- Tabelle: vehicles (10 Zeilen)
TRUNCATE TABLE vehicles CASCADE;
INSERT INTO vehicles ("id", "name", "funk", "besatzung") VALUES (4, 'ELW 1', 'Florian Schwedt 1/XX/1', 4);
INSERT INTO vehicles ("id", "name", "funk", "besatzung") VALUES (5, 'GW-G', 'Florian Schwedt 1/XX/1', 3);
INSERT INTO vehicles ("id", "name", "funk", "besatzung") VALUES (6, 'LF 20', 'Florian Schwedt 1/XX/1', 9);
INSERT INTO vehicles ("id", "name", "funk", "besatzung") VALUES (7, 'MTF', 'Florian Schwedt 1/XX/1', 8);
INSERT INTO vehicles ("id", "name", "funk", "besatzung") VALUES (8, 'RW', 'Florian Schwedt 1/XX/1', 3);
INSERT INTO vehicles ("id", "name", "funk", "besatzung") VALUES (9, 'TLF 4000 St', 'Florian Schwedt 1/XX/1', 6);
INSERT INTO vehicles ("id", "name", "funk", "besatzung") VALUES (10, 'Wasserträger', 'Florian Schwedt 1/XX/1', 3);
INSERT INTO vehicles ("id", "name", "funk", "besatzung") VALUES (11, 'MTF 2', '3/19/1', 9);
INSERT INTO vehicles ("id", "name", "funk", "besatzung") VALUES (12, 'Testwagen', '', 4);
INSERT INTO vehicles ("id", "name", "funk", "besatzung") VALUES (13, 'Test HLF qbMR', 'Florian Test 1/46/1', 9);

-- Tabelle: vehicle_configs (10 Zeilen)
TRUNCATE TABLE vehicle_configs CASCADE;
INSERT INTO vehicle_configs ("id", "vehicle", "type", "slots", "constraints") VALUES (1, 'HLF 20', 'LF', '[{"position":"GF","requires":["GF"]},{"position":"MA","requires":["MASCH"]},{"position":"MELDER","requires":["FUNK"]},{"position":"ATF","requires":["AGT"]},{"position":"ATM","requires":["AGT"]},{"position":"WTF","requires":["AGT"]},{"position":"WTM","requires":["AGT"]},{"position":"STF","requires":[]},{"position":"STM","requires":[]}]'::jsonb, '{"min_agt_total":4,"min_agt_watertrupp":1}'::jsonb);
INSERT INTO vehicle_configs ("id", "vehicle", "type", "slots", "constraints") VALUES (2, 'LF 20', 'LF', '[{"position":"GF","requires":["GF"]},{"position":"MA","requires":["MASCH"]},{"position":"MELDER","requires":["FUNK"]},{"position":"ATF","requires":["AGT"]},{"position":"ATM","requires":["AGT"]},{"position":"WTF","requires":["AGT"]},{"position":"WTM","requires":["AGT"]},{"position":"STF","requires":[]},{"position":"STM","requires":[]}]'::jsonb, '{"min_agt_total":4,"min_agt_watertrupp":1}'::jsonb);
INSERT INTO vehicle_configs ("id", "vehicle", "type", "slots", "constraints") VALUES (3, 'TLF 4000 St', 'TLF', '[{"position":"GF","requires":["GF"]},{"position":"MA","requires":["MASCH"]},{"position":"ATF","requires":["AGT"]},{"position":"ATM","requires":["AGT"]},{"position":"WTF","requires":["AGT"]},{"position":"WTM","requires":["AGT"]}]'::jsonb, '{"min_agt_total":3,"min_agt_watertrupp":1}'::jsonb);
INSERT INTO vehicle_configs ("id", "vehicle", "type", "slots", "constraints") VALUES (5, 'ELW 1', 'ELW', '[{"prefer":["GF"],"position":"ZF","requires":["ZF"]},{"position":"MA","requires":["MASCH"]},{"position":"FUEASS","requires":["FUEASS","FUNK"]},{"prefer":["FUEASS"],"position":"FUNK","requires":["FUNK"]}]'::jsonb, NULL);
INSERT INTO vehicle_configs ("id", "vehicle", "type", "slots", "constraints") VALUES (6, 'GW-G', 'GWG', '[{"prefer":["ABC1"],"position":"TF","requires":[]},{"position":"MA","requires":["MASCH"]},{"prefer":["ABC1"],"position":"TM","requires":[]}]'::jsonb, '{"prefer_abc1_total":1}'::jsonb);
INSERT INTO vehicle_configs ("id", "vehicle", "type", "slots", "constraints") VALUES (7, 'ABC-Erkunder', 'ABC', '[{"prefer":["GF"],"position":"ZF/GF","requires":["ZF"]},{"position":"MA","requires":["MASCH"]},{"prefer":["FUNK"],"position":"TR1","requires":["CBRN_ERKKW"]},{"prefer":["FUNK"],"position":"TR2","requires":["CBRN_ERKKW"]}]'::jsonb, '{"min_cbrn_erkkw_total":2}'::jsonb);
INSERT INTO vehicle_configs ("id", "vehicle", "type", "slots", "constraints") VALUES (10, 'MTF 2', 'MTF', '[{"position":"Fahrer","requires":[]},{"position":"Beifahrer","requires":[]},{"position":"Platz 3","requires":[]},{"position":"Platz 4","requires":[]},{"position":"Platz 5","requires":[]},{"position":"Platz 6","requires":[]}]'::jsonb, '{}'::jsonb);
INSERT INTO vehicle_configs ("id", "vehicle", "type", "slots", "constraints") VALUES (8, 'Wasserträger', 'WT', '[{"prefer":["ZF","GF"],"position":"TF","requires":["FUNK"]},{"position":"MA","requires":["MASCH","WT18"],"allow_fallback":false,"addons_required":["WT18"]},{"prefer":["TH"],"position":"TM","requires":["FUNK"]}]'::jsonb, '{"min_funk_total":2}'::jsonb);
INSERT INTO vehicle_configs ("id", "vehicle", "type", "slots", "constraints") VALUES (4, 'RW', 'RW', '[{"prefer":["ZF","GF","TH"],"position":"TF","requires":[]},{"prefer":["MZ"],"position":"MA","requires":["MASCH"],"allow_fallback":false,"addons_required":["MZ"]},{"prefer":["TH","AGT"],"position":"TM","requires":[]}]'::jsonb, '{"prefer_th_total":1}'::jsonb);
INSERT INTO vehicle_configs ("id", "vehicle", "type", "slots", "constraints") VALUES (9, 'MTF', 'MTF', '[{"position":"FAHRER","requires_any":["MASCH","FAHRER_B"]},{"prefer":["GF"],"position":"GF/TF","requires":[]},{"position":"M1","requires":[]},{"position":"M2","requires":[]},{"position":"M3","requires":[]},{"position":"M4","requires":[]},{"position":"M5","requires":[]},{"position":"M6","requires":[]}]'::jsonb, '{}'::jsonb);

-- Tabelle: einsatz (1 Zeilen)
TRUNCATE TABLE einsatz CASCADE;
INSERT INTO einsatz ("id", "stichwort", "bemerkung", "mannschaftsbedarf") VALUES (1, 'B: Kleinbrand', '', 9);

-- Tabelle: settings (1 Zeilen)
TRUNCATE TABLE settings CASCADE;
INSERT INTO settings ("id", "min_agt", "min_maschinist", "min_gf", "rotation_window", "rotation_weights", "assignment_mode") VALUES (1, 2, 1, 1, 4, NULL, 'manual');

-- Tabelle: availabilities (14 Zeilen)
TRUNCATE TABLE availabilities CASCADE;
INSERT INTO availabilities ("id", "user_id", "date", "status", "reason", "created_at", "start_time", "end_time") VALUES (9, 'ba0406a0-fb40-43da-99cb-cf448b9469e5', '2025-11-10', 'unavailable', NULL, '2025-11-03T19:00:49.167Z'::timestamp, NULL, NULL);
INSERT INTO availabilities ("id", "user_id", "date", "status", "reason", "created_at", "start_time", "end_time") VALUES (10, 'ba0406a0-fb40-43da-99cb-cf448b9469e5', '2025-11-11', 'available', NULL, '2025-11-03T19:00:49.268Z'::timestamp, NULL, NULL);
INSERT INTO availabilities ("id", "user_id", "date", "status", "reason", "created_at", "start_time", "end_time") VALUES (11, 'ba0406a0-fb40-43da-99cb-cf448b9469e5', '2025-11-12', 'unavailable', NULL, '2025-11-03T19:00:49.329Z'::timestamp, NULL, NULL);
INSERT INTO availabilities ("id", "user_id", "date", "status", "reason", "created_at", "start_time", "end_time") VALUES (12, 'ba0406a0-fb40-43da-99cb-cf448b9469e5', '2025-11-13', 'available', NULL, '2025-11-03T19:00:49.388Z'::timestamp, NULL, NULL);
INSERT INTO availabilities ("id", "user_id", "date", "status", "reason", "created_at", "start_time", "end_time") VALUES (13, 'ba0406a0-fb40-43da-99cb-cf448b9469e5', '2025-11-14', 'unavailable', NULL, '2025-11-03T19:00:49.435Z'::timestamp, NULL, NULL);
INSERT INTO availabilities ("id", "user_id", "date", "status", "reason", "created_at", "start_time", "end_time") VALUES (14, 'ba0406a0-fb40-43da-99cb-cf448b9469e5', '2025-11-15', 'available', NULL, '2025-11-03T19:00:49.488Z'::timestamp, NULL, NULL);
INSERT INTO availabilities ("id", "user_id", "date", "status", "reason", "created_at", "start_time", "end_time") VALUES (15, 'ba0406a0-fb40-43da-99cb-cf448b9469e5', '2025-11-16', 'unavailable', NULL, '2025-11-03T19:00:49.536Z'::timestamp, NULL, NULL);
INSERT INTO availabilities ("id", "user_id", "date", "status", "reason", "created_at", "start_time", "end_time") VALUES (16, '7a07cdf8-bc64-4c54-bd14-3c79c554a2dc', '2025-11-10', 'available', NULL, '2025-11-03T19:28:10.911Z'::timestamp, NULL, NULL);
INSERT INTO availabilities ("id", "user_id", "date", "status", "reason", "created_at", "start_time", "end_time") VALUES (17, '7a07cdf8-bc64-4c54-bd14-3c79c554a2dc', '2025-11-11', 'available', NULL, '2025-11-03T19:28:10.968Z'::timestamp, NULL, NULL);
INSERT INTO availabilities ("id", "user_id", "date", "status", "reason", "created_at", "start_time", "end_time") VALUES (18, '7a07cdf8-bc64-4c54-bd14-3c79c554a2dc', '2025-11-12', 'available', NULL, '2025-11-03T19:28:11.014Z'::timestamp, NULL, NULL);
INSERT INTO availabilities ("id", "user_id", "date", "status", "reason", "created_at", "start_time", "end_time") VALUES (19, '7a07cdf8-bc64-4c54-bd14-3c79c554a2dc', '2025-11-13', 'available', NULL, '2025-11-03T19:28:11.062Z'::timestamp, NULL, NULL);
INSERT INTO availabilities ("id", "user_id", "date", "status", "reason", "created_at", "start_time", "end_time") VALUES (20, '7a07cdf8-bc64-4c54-bd14-3c79c554a2dc', '2025-11-14', 'available', NULL, '2025-11-03T19:28:11.109Z'::timestamp, NULL, NULL);
INSERT INTO availabilities ("id", "user_id", "date", "status", "reason", "created_at", "start_time", "end_time") VALUES (21, '7a07cdf8-bc64-4c54-bd14-3c79c554a2dc', '2025-11-15', 'available', NULL, '2025-11-03T19:28:11.156Z'::timestamp, NULL, NULL);
INSERT INTO availabilities ("id", "user_id", "date", "status", "reason", "created_at", "start_time", "end_time") VALUES (22, '7a07cdf8-bc64-4c54-bd14-3c79c554a2dc', '2025-11-16', 'available', NULL, '2025-11-03T19:28:11.205Z'::timestamp, NULL, NULL);

-- Tabelle: availability_templates (4 Zeilen)
TRUNCATE TABLE availability_templates CASCADE;
INSERT INTO availability_templates ("id", "user_id", "name", "weekdays", "start_time", "end_time", "status", "active", "created_at") VALUES (1, 'ba0406a0-fb40-43da-99cb-cf448b9469e5', 'Frühschicht Mo-Fr', ARRAY['monday','tuesday','wednesday','thursday','friday']::text[], '08:00', '16:00', 'available', TRUE, '2025-11-04T06:00:46.933Z'::timestamp);
INSERT INTO availability_templates ("id", "user_id", "name", "weekdays", "start_time", "end_time", "status", "active", "created_at") VALUES (3, '6c243c95-b8e7-491b-ad6c-e6372de6b62c', 'Frühschicht Mo-Fr', ARRAY['monday','tuesday','wednesday','thursday','friday']::text[], '08:00', '16:00', 'available', TRUE, '2025-11-04T06:06:21.562Z'::timestamp);
INSERT INTO availability_templates ("id", "user_id", "name", "weekdays", "start_time", "end_time", "status", "active", "created_at") VALUES (4, '6c243c95-b8e7-491b-ad6c-e6372de6b62c', 'Frühschicht Mo-Fr', ARRAY['monday','tuesday','wednesday','thursday','friday']::text[], '08:00', '16:00', 'available', TRUE, '2025-11-04T06:10:32.321Z'::timestamp);
INSERT INTO availability_templates ("id", "user_id", "name", "weekdays", "start_time", "end_time", "status", "active", "created_at") VALUES (5, '7a07cdf8-bc64-4c54-bd14-3c79c554a2dc', 'Test für Felix', ARRAY['monday','friday']::text[], '10:00', '18:00', 'available', TRUE, '2025-11-04T06:14:02.224Z'::timestamp);

-- Tabelle: current_assignments (55 Zeilen)
TRUNCATE TABLE current_assignments CASCADE;
INSERT INTO current_assignments ("id", "user_id", "vehicle_config_id", "position", "assigned_at", "trupp_partner_id", "effective_from", "effective_to", "assignment_history_id") VALUES (822, 'fbe37dd2-08b7-481a-86af-fdf669bc584f', 7, 'ZF/GF', '2025-11-05T07:58:10.385Z'::timestamp, NULL, NULL, NULL, NULL);
INSERT INTO current_assignments ("id", "user_id", "vehicle_config_id", "position", "assigned_at", "trupp_partner_id", "effective_from", "effective_to", "assignment_history_id") VALUES (823, 'ba0406a0-fb40-43da-99cb-cf448b9469e5', 7, 'MA', '2025-11-05T07:58:10.385Z'::timestamp, NULL, NULL, NULL, NULL);
INSERT INTO current_assignments ("id", "user_id", "vehicle_config_id", "position", "assigned_at", "trupp_partner_id", "effective_from", "effective_to", "assignment_history_id") VALUES (824, 'e662400d-8b1e-4e65-9299-0cc586095088', 7, 'TR1', '2025-11-05T07:58:10.385Z'::timestamp, NULL, NULL, NULL, NULL);
INSERT INTO current_assignments ("id", "user_id", "vehicle_config_id", "position", "assigned_at", "trupp_partner_id", "effective_from", "effective_to", "assignment_history_id") VALUES (825, '5a4a9852-5198-4c38-b748-943e39cb4898', 7, 'TR2', '2025-11-05T07:58:10.385Z'::timestamp, NULL, NULL, NULL, NULL);
INSERT INTO current_assignments ("id", "user_id", "vehicle_config_id", "position", "assigned_at", "trupp_partner_id", "effective_from", "effective_to", "assignment_history_id") VALUES (826, '5cf35e20-bbde-4163-bf6b-4fb61ba31301', 5, 'ZF', '2025-11-05T07:58:10.385Z'::timestamp, NULL, NULL, NULL, NULL);
INSERT INTO current_assignments ("id", "user_id", "vehicle_config_id", "position", "assigned_at", "trupp_partner_id", "effective_from", "effective_to", "assignment_history_id") VALUES (827, 'f6fa0eee-dc47-4071-9b7c-9850d90c7074', 5, 'MA', '2025-11-05T07:58:10.385Z'::timestamp, NULL, NULL, NULL, NULL);
INSERT INTO current_assignments ("id", "user_id", "vehicle_config_id", "position", "assigned_at", "trupp_partner_id", "effective_from", "effective_to", "assignment_history_id") VALUES (828, '4e04a930-4b71-4918-9b8c-fa716b025f29', 5, 'FUEASS', '2025-11-05T07:58:10.385Z'::timestamp, NULL, NULL, NULL, NULL);
INSERT INTO current_assignments ("id", "user_id", "vehicle_config_id", "position", "assigned_at", "trupp_partner_id", "effective_from", "effective_to", "assignment_history_id") VALUES (829, '77aad1a0-87f2-4cf3-81b8-8faaaa17b4a4', 5, 'FUNK', '2025-11-05T07:58:10.385Z'::timestamp, NULL, NULL, NULL, NULL);
INSERT INTO current_assignments ("id", "user_id", "vehicle_config_id", "position", "assigned_at", "trupp_partner_id", "effective_from", "effective_to", "assignment_history_id") VALUES (830, '7f5875f6-72a6-4bf9-9ff8-fa4e4eb02f2f', 6, 'TF', '2025-11-05T07:58:10.385Z'::timestamp, NULL, NULL, NULL, NULL);
INSERT INTO current_assignments ("id", "user_id", "vehicle_config_id", "position", "assigned_at", "trupp_partner_id", "effective_from", "effective_to", "assignment_history_id") VALUES (831, '673d0abd-b410-4e37-bc27-4519f7c8c23d', 6, 'MA', '2025-11-05T07:58:10.385Z'::timestamp, NULL, NULL, NULL, NULL);
INSERT INTO current_assignments ("id", "user_id", "vehicle_config_id", "position", "assigned_at", "trupp_partner_id", "effective_from", "effective_to", "assignment_history_id") VALUES (832, 'aadc3e52-c227-4595-9ed8-9e4b5030dc0e', 6, 'TM', '2025-11-05T07:58:10.385Z'::timestamp, NULL, NULL, NULL, NULL);
INSERT INTO current_assignments ("id", "user_id", "vehicle_config_id", "position", "assigned_at", "trupp_partner_id", "effective_from", "effective_to", "assignment_history_id") VALUES (833, 'bd46a359-1851-4171-b8bf-d5d62dfc90c5', 1, 'GF', '2025-11-05T07:58:10.385Z'::timestamp, NULL, NULL, NULL, NULL);
INSERT INTO current_assignments ("id", "user_id", "vehicle_config_id", "position", "assigned_at", "trupp_partner_id", "effective_from", "effective_to", "assignment_history_id") VALUES (834, 'bff4a4b7-f0cd-40ac-baf1-47780262c350', 1, 'MA', '2025-11-05T07:58:10.385Z'::timestamp, NULL, NULL, NULL, NULL);
INSERT INTO current_assignments ("id", "user_id", "vehicle_config_id", "position", "assigned_at", "trupp_partner_id", "effective_from", "effective_to", "assignment_history_id") VALUES (835, '31a9b0eb-bd5f-40d2-935d-f065592b9d04', 1, 'MELDER', '2025-11-05T07:58:10.385Z'::timestamp, NULL, NULL, NULL, NULL);
INSERT INTO current_assignments ("id", "user_id", "vehicle_config_id", "position", "assigned_at", "trupp_partner_id", "effective_from", "effective_to", "assignment_history_id") VALUES (836, '80c7aa6b-2622-4932-baf4-f1c717e9031b', 1, 'ATF', '2025-11-05T07:58:10.385Z'::timestamp, NULL, NULL, NULL, NULL);
INSERT INTO current_assignments ("id", "user_id", "vehicle_config_id", "position", "assigned_at", "trupp_partner_id", "effective_from", "effective_to", "assignment_history_id") VALUES (837, '485a5fb8-4a95-4361-a355-c6d324b5459f', 1, 'ATM', '2025-11-05T07:58:10.385Z'::timestamp, NULL, NULL, NULL, NULL);
INSERT INTO current_assignments ("id", "user_id", "vehicle_config_id", "position", "assigned_at", "trupp_partner_id", "effective_from", "effective_to", "assignment_history_id") VALUES (838, '7a84c8a1-cad4-4540-8bc7-d025a6389c09', 1, 'WTF', '2025-11-05T07:58:10.385Z'::timestamp, NULL, NULL, NULL, NULL);
INSERT INTO current_assignments ("id", "user_id", "vehicle_config_id", "position", "assigned_at", "trupp_partner_id", "effective_from", "effective_to", "assignment_history_id") VALUES (839, 'dc17b407-c7c8-44ea-9a79-8493f687ed75', 1, 'WTM', '2025-11-05T07:58:10.385Z'::timestamp, NULL, NULL, NULL, NULL);
INSERT INTO current_assignments ("id", "user_id", "vehicle_config_id", "position", "assigned_at", "trupp_partner_id", "effective_from", "effective_to", "assignment_history_id") VALUES (840, '09da7a7a-2f66-46ed-9452-aa0211d49083', 1, 'STF', '2025-11-05T07:58:10.385Z'::timestamp, NULL, NULL, NULL, NULL);
INSERT INTO current_assignments ("id", "user_id", "vehicle_config_id", "position", "assigned_at", "trupp_partner_id", "effective_from", "effective_to", "assignment_history_id") VALUES (841, '0e69516c-0233-483a-985e-d81e04457db5', 1, 'STM', '2025-11-05T07:58:10.385Z'::timestamp, NULL, NULL, NULL, NULL);
INSERT INTO current_assignments ("id", "user_id", "vehicle_config_id", "position", "assigned_at", "trupp_partner_id", "effective_from", "effective_to", "assignment_history_id") VALUES (842, '97bfae86-57c0-4fec-afd1-213e0daffe01', 2, 'GF', '2025-11-05T07:58:10.385Z'::timestamp, NULL, NULL, NULL, NULL);
INSERT INTO current_assignments ("id", "user_id", "vehicle_config_id", "position", "assigned_at", "trupp_partner_id", "effective_from", "effective_to", "assignment_history_id") VALUES (843, '7a07cdf8-bc64-4c54-bd14-3c79c554a2dc', 2, 'MA', '2025-11-05T07:58:10.385Z'::timestamp, NULL, NULL, NULL, NULL);
INSERT INTO current_assignments ("id", "user_id", "vehicle_config_id", "position", "assigned_at", "trupp_partner_id", "effective_from", "effective_to", "assignment_history_id") VALUES (844, '4b2da8b4-8c51-49ff-8bdb-99f9fbd90b5c', 2, 'MELDER', '2025-11-05T07:58:10.385Z'::timestamp, NULL, NULL, NULL, NULL);
INSERT INTO current_assignments ("id", "user_id", "vehicle_config_id", "position", "assigned_at", "trupp_partner_id", "effective_from", "effective_to", "assignment_history_id") VALUES (845, '06b86b7d-3490-4795-ad54-66f5f4156604', 2, 'ATF', '2025-11-05T07:58:10.385Z'::timestamp, NULL, NULL, NULL, NULL);
INSERT INTO current_assignments ("id", "user_id", "vehicle_config_id", "position", "assigned_at", "trupp_partner_id", "effective_from", "effective_to", "assignment_history_id") VALUES (846, '4dd0b5dd-2b5e-40e6-9b4f-1a07b370f147', 2, 'ATM', '2025-11-05T07:58:10.385Z'::timestamp, NULL, NULL, NULL, NULL);
INSERT INTO current_assignments ("id", "user_id", "vehicle_config_id", "position", "assigned_at", "trupp_partner_id", "effective_from", "effective_to", "assignment_history_id") VALUES (847, '2885c7ae-79da-4c8f-b8a1-faefedd0d120', 2, 'WTF', '2025-11-05T07:58:10.385Z'::timestamp, NULL, NULL, NULL, NULL);
INSERT INTO current_assignments ("id", "user_id", "vehicle_config_id", "position", "assigned_at", "trupp_partner_id", "effective_from", "effective_to", "assignment_history_id") VALUES (848, 'e49e3888-ca31-4d59-bd71-f5195b774da2', 2, 'WTM', '2025-11-05T07:58:10.385Z'::timestamp, NULL, NULL, NULL, NULL);
INSERT INTO current_assignments ("id", "user_id", "vehicle_config_id", "position", "assigned_at", "trupp_partner_id", "effective_from", "effective_to", "assignment_history_id") VALUES (849, '823d7174-54f6-412e-9948-51db8fad206b', 2, 'STF', '2025-11-05T07:58:10.385Z'::timestamp, NULL, NULL, NULL, NULL);
INSERT INTO current_assignments ("id", "user_id", "vehicle_config_id", "position", "assigned_at", "trupp_partner_id", "effective_from", "effective_to", "assignment_history_id") VALUES (850, 'a310da0e-8af8-460b-a150-f2927c50be07', 2, 'STM', '2025-11-05T07:58:10.385Z'::timestamp, NULL, NULL, NULL, NULL);
INSERT INTO current_assignments ("id", "user_id", "vehicle_config_id", "position", "assigned_at", "trupp_partner_id", "effective_from", "effective_to", "assignment_history_id") VALUES (851, 'f24cf83e-f8c5-4a01-9616-3e981c04dec9', 9, 'FAHRER', '2025-11-05T07:58:10.385Z'::timestamp, NULL, NULL, NULL, NULL);
INSERT INTO current_assignments ("id", "user_id", "vehicle_config_id", "position", "assigned_at", "trupp_partner_id", "effective_from", "effective_to", "assignment_history_id") VALUES (852, '1712d237-eaf1-420d-a215-3b3f7e9cfdc8', 9, 'GF/TF', '2025-11-05T07:58:10.385Z'::timestamp, NULL, NULL, NULL, NULL);
INSERT INTO current_assignments ("id", "user_id", "vehicle_config_id", "position", "assigned_at", "trupp_partner_id", "effective_from", "effective_to", "assignment_history_id") VALUES (853, 'e9e9d231-6fe4-46d5-ae69-7240b8955aca', 9, 'M1', '2025-11-05T07:58:10.385Z'::timestamp, NULL, NULL, NULL, NULL);
INSERT INTO current_assignments ("id", "user_id", "vehicle_config_id", "position", "assigned_at", "trupp_partner_id", "effective_from", "effective_to", "assignment_history_id") VALUES (854, 'c99db4f8-45a3-4fe8-83b1-e98e579fa61c', 9, 'M2', '2025-11-05T07:58:10.385Z'::timestamp, NULL, NULL, NULL, NULL);
INSERT INTO current_assignments ("id", "user_id", "vehicle_config_id", "position", "assigned_at", "trupp_partner_id", "effective_from", "effective_to", "assignment_history_id") VALUES (855, '6c243c95-b8e7-491b-ad6c-e6372de6b62c', 9, 'M3', '2025-11-05T07:58:10.385Z'::timestamp, NULL, NULL, NULL, NULL);
INSERT INTO current_assignments ("id", "user_id", "vehicle_config_id", "position", "assigned_at", "trupp_partner_id", "effective_from", "effective_to", "assignment_history_id") VALUES (856, 'f4134c6e-c78b-44f9-9d82-1f33eae4a4aa', 9, 'M4', '2025-11-05T07:58:10.385Z'::timestamp, NULL, NULL, NULL, NULL);
INSERT INTO current_assignments ("id", "user_id", "vehicle_config_id", "position", "assigned_at", "trupp_partner_id", "effective_from", "effective_to", "assignment_history_id") VALUES (857, 'f1728df0-028f-4c29-9ff3-13f0f62bc101', 9, 'M5', '2025-11-05T07:58:10.385Z'::timestamp, NULL, NULL, NULL, NULL);
INSERT INTO current_assignments ("id", "user_id", "vehicle_config_id", "position", "assigned_at", "trupp_partner_id", "effective_from", "effective_to", "assignment_history_id") VALUES (858, '09db85eb-ec97-4d14-94c5-b894da46a8d2', 9, 'M6', '2025-11-05T07:58:10.385Z'::timestamp, NULL, NULL, NULL, NULL);
INSERT INTO current_assignments ("id", "user_id", "vehicle_config_id", "position", "assigned_at", "trupp_partner_id", "effective_from", "effective_to", "assignment_history_id") VALUES (859, '08468e4e-cee0-4069-aee1-25be3864d359', 10, 'Fahrer', '2025-11-05T07:58:10.385Z'::timestamp, NULL, NULL, NULL, NULL);
INSERT INTO current_assignments ("id", "user_id", "vehicle_config_id", "position", "assigned_at", "trupp_partner_id", "effective_from", "effective_to", "assignment_history_id") VALUES (860, '92411b9a-8cd8-417c-a2fd-85954516956e', 10, 'Beifahrer', '2025-11-05T07:58:10.385Z'::timestamp, NULL, NULL, NULL, NULL);
INSERT INTO current_assignments ("id", "user_id", "vehicle_config_id", "position", "assigned_at", "trupp_partner_id", "effective_from", "effective_to", "assignment_history_id") VALUES (861, 'a021a634-86d1-4c79-b008-0e7fc9c86848', 10, 'Platz 3', '2025-11-05T07:58:10.385Z'::timestamp, NULL, NULL, NULL, NULL);
INSERT INTO current_assignments ("id", "user_id", "vehicle_config_id", "position", "assigned_at", "trupp_partner_id", "effective_from", "effective_to", "assignment_history_id") VALUES (862, '65cb5542-e72f-45e9-b8bd-733fd5b33ff7', 10, 'Platz 4', '2025-11-05T07:58:10.385Z'::timestamp, NULL, NULL, NULL, NULL);
INSERT INTO current_assignments ("id", "user_id", "vehicle_config_id", "position", "assigned_at", "trupp_partner_id", "effective_from", "effective_to", "assignment_history_id") VALUES (863, '751ed530-9871-4017-a696-5366126cfabc', 10, 'Platz 5', '2025-11-05T07:58:10.385Z'::timestamp, NULL, NULL, NULL, NULL);
INSERT INTO current_assignments ("id", "user_id", "vehicle_config_id", "position", "assigned_at", "trupp_partner_id", "effective_from", "effective_to", "assignment_history_id") VALUES (864, '7195aa79-2806-405c-801e-c629da4edf35', 10, 'Platz 6', '2025-11-05T07:58:10.385Z'::timestamp, NULL, NULL, NULL, NULL);
INSERT INTO current_assignments ("id", "user_id", "vehicle_config_id", "position", "assigned_at", "trupp_partner_id", "effective_from", "effective_to", "assignment_history_id") VALUES (865, 'deb1b841-e5bb-4d3e-b5d8-bd3f852813a1', 4, 'TF', '2025-11-05T07:58:10.385Z'::timestamp, NULL, NULL, NULL, NULL);
INSERT INTO current_assignments ("id", "user_id", "vehicle_config_id", "position", "assigned_at", "trupp_partner_id", "effective_from", "effective_to", "assignment_history_id") VALUES (866, '41267eb7-c217-47b7-b23b-88b16e5eabf5', 4, 'MA', '2025-11-05T07:58:10.385Z'::timestamp, NULL, NULL, NULL, NULL);
INSERT INTO current_assignments ("id", "user_id", "vehicle_config_id", "position", "assigned_at", "trupp_partner_id", "effective_from", "effective_to", "assignment_history_id") VALUES (867, '9bc6a54f-b4a5-4eff-9338-70726a938803', 4, 'TM', '2025-11-05T07:58:10.385Z'::timestamp, NULL, NULL, NULL, NULL);
INSERT INTO current_assignments ("id", "user_id", "vehicle_config_id", "position", "assigned_at", "trupp_partner_id", "effective_from", "effective_to", "assignment_history_id") VALUES (868, 'f720af72-4815-41b5-a711-5f41cc1f0c9d', 3, 'GF', '2025-11-05T07:58:10.385Z'::timestamp, NULL, NULL, NULL, NULL);
INSERT INTO current_assignments ("id", "user_id", "vehicle_config_id", "position", "assigned_at", "trupp_partner_id", "effective_from", "effective_to", "assignment_history_id") VALUES (869, 'b1aa5b04-6da0-4540-8678-e491abe04fc9', 3, 'MA', '2025-11-05T07:58:10.385Z'::timestamp, NULL, NULL, NULL, NULL);
INSERT INTO current_assignments ("id", "user_id", "vehicle_config_id", "position", "assigned_at", "trupp_partner_id", "effective_from", "effective_to", "assignment_history_id") VALUES (870, '0974ce1d-a4c8-4cfe-92be-24e115c8256a', 3, 'ATF', '2025-11-05T07:58:10.385Z'::timestamp, NULL, NULL, NULL, NULL);
INSERT INTO current_assignments ("id", "user_id", "vehicle_config_id", "position", "assigned_at", "trupp_partner_id", "effective_from", "effective_to", "assignment_history_id") VALUES (871, '7965165b-03eb-4ff4-a8b1-fe76821ebfd6', 3, 'ATM', '2025-11-05T07:58:10.385Z'::timestamp, NULL, NULL, NULL, NULL);
INSERT INTO current_assignments ("id", "user_id", "vehicle_config_id", "position", "assigned_at", "trupp_partner_id", "effective_from", "effective_to", "assignment_history_id") VALUES (872, '4d7bf43d-6a48-44ba-8249-08bc8b1ef1e6', 3, 'WTF', '2025-11-05T07:58:10.385Z'::timestamp, NULL, NULL, NULL, NULL);
INSERT INTO current_assignments ("id", "user_id", "vehicle_config_id", "position", "assigned_at", "trupp_partner_id", "effective_from", "effective_to", "assignment_history_id") VALUES (873, '59744429-8ee6-4e95-8f37-aa707fe3b4a2', 3, 'WTM', '2025-11-05T07:58:10.385Z'::timestamp, NULL, NULL, NULL, NULL);
INSERT INTO current_assignments ("id", "user_id", "vehicle_config_id", "position", "assigned_at", "trupp_partner_id", "effective_from", "effective_to", "assignment_history_id") VALUES (874, 'd04cc9c0-21b1-4162-abb4-29cc6f6907e2', 8, 'TF', '2025-11-05T07:58:10.385Z'::timestamp, NULL, NULL, NULL, NULL);
INSERT INTO current_assignments ("id", "user_id", "vehicle_config_id", "position", "assigned_at", "trupp_partner_id", "effective_from", "effective_to", "assignment_history_id") VALUES (875, 'a2cf70e3-76d4-4913-807f-2050d4c75efc', 8, 'MA', '2025-11-05T07:58:10.385Z'::timestamp, NULL, NULL, NULL, NULL);
INSERT INTO current_assignments ("id", "user_id", "vehicle_config_id", "position", "assigned_at", "trupp_partner_id", "effective_from", "effective_to", "assignment_history_id") VALUES (876, 'c6022c0e-8bca-413d-8026-6755363c798a', 8, 'TM', '2025-11-05T07:58:10.385Z'::timestamp, NULL, NULL, NULL, NULL);

-- Tabelle: assignment_history (214 Zeilen)
TRUNCATE TABLE assignment_history CASCADE;
INSERT INTO assignment_history ("id", "user_id", "vehicle_config_id", "position", "assigned_for_date", "assigned_until_date", "assignment_batch_id", "assigned_by", "created_at", "vehicle_name") VALUES (1, 'ba0406a0-fb40-43da-99cb-cf448b9469e5', NULL, 'ZF/GF', '2025-11-04', NULL, NULL, NULL, '2025-11-04T06:22:13.029Z'::timestamp, 'ABC-Erkunder');
INSERT INTO assignment_history ("id", "user_id", "vehicle_config_id", "position", "assigned_for_date", "assigned_until_date", "assignment_batch_id", "assigned_by", "created_at", "vehicle_name") VALUES (2, '7a07cdf8-bc64-4c54-bd14-3c79c554a2dc', NULL, 'MA', '2025-11-04', NULL, NULL, NULL, '2025-11-04T06:22:13.628Z'::timestamp, 'ABC-Erkunder');
INSERT INTO assignment_history ("id", "user_id", "vehicle_config_id", "position", "assigned_for_date", "assigned_until_date", "assignment_batch_id", "assigned_by", "created_at", "vehicle_name") VALUES (3, '31a9b0eb-bd5f-40d2-935d-f065592b9d04', NULL, 'TR1', '2025-11-04', NULL, NULL, NULL, '2025-11-04T06:22:14.051Z'::timestamp, 'ABC-Erkunder');
INSERT INTO assignment_history ("id", "user_id", "vehicle_config_id", "position", "assigned_for_date", "assigned_until_date", "assignment_batch_id", "assigned_by", "created_at", "vehicle_name") VALUES (4, 'c6022c0e-8bca-413d-8026-6755363c798a', NULL, 'TR2', '2025-11-04', NULL, NULL, NULL, '2025-11-04T06:22:14.477Z'::timestamp, 'ABC-Erkunder');
INSERT INTO assignment_history ("id", "user_id", "vehicle_config_id", "position", "assigned_for_date", "assigned_until_date", "assignment_batch_id", "assigned_by", "created_at", "vehicle_name") VALUES (5, 'c4cf03f0-215a-4e8f-a635-8d12eb9f5814', NULL, 'ZF', '2025-11-04', NULL, NULL, NULL, '2025-11-04T06:22:14.920Z'::timestamp, 'ELW 1');
INSERT INTO assignment_history ("id", "user_id", "vehicle_config_id", "position", "assigned_for_date", "assigned_until_date", "assignment_batch_id", "assigned_by", "created_at", "vehicle_name") VALUES (6, '1712d237-eaf1-420d-a215-3b3f7e9cfdc8', NULL, 'MA', '2025-11-04', NULL, NULL, NULL, '2025-11-04T06:22:15.496Z'::timestamp, 'ELW 1');
INSERT INTO assignment_history ("id", "user_id", "vehicle_config_id", "position", "assigned_for_date", "assigned_until_date", "assignment_batch_id", "assigned_by", "created_at", "vehicle_name") VALUES (7, '4b2da8b4-8c51-49ff-8bdb-99f9fbd90b5c', NULL, 'FUEASS', '2025-11-04', NULL, NULL, NULL, '2025-11-04T06:22:15.600Z'::timestamp, 'ELW 1');
INSERT INTO assignment_history ("id", "user_id", "vehicle_config_id", "position", "assigned_for_date", "assigned_until_date", "assignment_batch_id", "assigned_by", "created_at", "vehicle_name") VALUES (8, '5cf35e20-bbde-4163-bf6b-4fb61ba31301', NULL, 'FUNK', '2025-11-04', NULL, NULL, NULL, '2025-11-04T06:22:15.885Z'::timestamp, 'ELW 1');
INSERT INTO assignment_history ("id", "user_id", "vehicle_config_id", "position", "assigned_for_date", "assigned_until_date", "assignment_batch_id", "assigned_by", "created_at", "vehicle_name") VALUES (9, 'c99db4f8-45a3-4fe8-83b1-e98e579fa61c', NULL, 'TF', '2025-11-04', NULL, NULL, NULL, '2025-11-04T06:22:17.467Z'::timestamp, 'GW-G');
INSERT INTO assignment_history ("id", "user_id", "vehicle_config_id", "position", "assigned_for_date", "assigned_until_date", "assignment_batch_id", "assigned_by", "created_at", "vehicle_name") VALUES (10, 'e662400d-8b1e-4e65-9299-0cc586095088', NULL, 'MA', '2025-11-04', NULL, NULL, NULL, '2025-11-04T06:22:18.026Z'::timestamp, 'GW-G');
INSERT INTO assignment_history ("id", "user_id", "vehicle_config_id", "position", "assigned_for_date", "assigned_until_date", "assignment_batch_id", "assigned_by", "created_at", "vehicle_name") VALUES (11, '08468e4e-cee0-4069-aee1-25be3864d359', NULL, 'TM', '2025-11-04', NULL, NULL, NULL, '2025-11-04T06:22:19.566Z'::timestamp, 'GW-G');
INSERT INTO assignment_history ("id", "user_id", "vehicle_config_id", "position", "assigned_for_date", "assigned_until_date", "assignment_batch_id", "assigned_by", "created_at", "vehicle_name") VALUES (12, '80c7aa6b-2622-4932-baf4-f1c717e9031b', NULL, 'GF', '2025-11-04', NULL, NULL, NULL, '2025-11-04T06:22:20.184Z'::timestamp, 'HLF 20');
INSERT INTO assignment_history ("id", "user_id", "vehicle_config_id", "position", "assigned_for_date", "assigned_until_date", "assignment_batch_id", "assigned_by", "created_at", "vehicle_name") VALUES (13, '7a84c8a1-cad4-4540-8bc7-d025a6389c09', NULL, 'MA', '2025-11-04', NULL, NULL, NULL, '2025-11-04T06:22:20.680Z'::timestamp, 'HLF 20');
INSERT INTO assignment_history ("id", "user_id", "vehicle_config_id", "position", "assigned_for_date", "assigned_until_date", "assignment_batch_id", "assigned_by", "created_at", "vehicle_name") VALUES (14, 'e49e3888-ca31-4d59-bd71-f5195b774da2', NULL, 'MELDER', '2025-11-04', NULL, NULL, NULL, '2025-11-04T06:22:20.905Z'::timestamp, 'HLF 20');
INSERT INTO assignment_history ("id", "user_id", "vehicle_config_id", "position", "assigned_for_date", "assigned_until_date", "assignment_batch_id", "assigned_by", "created_at", "vehicle_name") VALUES (15, 'f8995539-18ab-4ee9-b7b6-0a1c39a2fdcb', NULL, 'ATF', '2025-11-04', NULL, NULL, NULL, '2025-11-04T06:22:21.352Z'::timestamp, 'HLF 20');
INSERT INTO assignment_history ("id", "user_id", "vehicle_config_id", "position", "assigned_for_date", "assigned_until_date", "assignment_batch_id", "assigned_by", "created_at", "vehicle_name") VALUES (16, 'a07b2445-35ff-4c6d-8483-07cec3df374e', NULL, 'ATM', '2025-11-04', NULL, NULL, NULL, '2025-11-04T06:22:21.849Z'::timestamp, 'HLF 20');
INSERT INTO assignment_history ("id", "user_id", "vehicle_config_id", "position", "assigned_for_date", "assigned_until_date", "assignment_batch_id", "assigned_by", "created_at", "vehicle_name") VALUES (17, '485a5fb8-4a95-4361-a355-c6d324b5459f', NULL, 'WTF', '2025-11-04', NULL, NULL, NULL, '2025-11-04T06:22:22.253Z'::timestamp, 'HLF 20');
INSERT INTO assignment_history ("id", "user_id", "vehicle_config_id", "position", "assigned_for_date", "assigned_until_date", "assignment_batch_id", "assigned_by", "created_at", "vehicle_name") VALUES (18, '06b86b7d-3490-4795-ad54-66f5f4156604', NULL, 'WTM', '2025-11-04', NULL, NULL, NULL, '2025-11-04T06:22:22.659Z'::timestamp, 'HLF 20');
INSERT INTO assignment_history ("id", "user_id", "vehicle_config_id", "position", "assigned_for_date", "assigned_until_date", "assignment_batch_id", "assigned_by", "created_at", "vehicle_name") VALUES (19, '6c243c95-b8e7-491b-ad6c-e6372de6b62c', NULL, 'STF', '2025-11-04', NULL, NULL, NULL, '2025-11-04T06:22:24.045Z'::timestamp, 'HLF 20');
INSERT INTO assignment_history ("id", "user_id", "vehicle_config_id", "position", "assigned_for_date", "assigned_until_date", "assignment_batch_id", "assigned_by", "created_at", "vehicle_name") VALUES (20, 'f4134c6e-c78b-44f9-9d82-1f33eae4a4aa', NULL, 'STM', '2025-11-04', NULL, NULL, NULL, '2025-11-04T06:22:25.412Z'::timestamp, 'HLF 20');
INSERT INTO assignment_history ("id", "user_id", "vehicle_config_id", "position", "assigned_for_date", "assigned_until_date", "assignment_batch_id", "assigned_by", "created_at", "vehicle_name") VALUES (21, '92411b9a-8cd8-417c-a2fd-85954516956e', NULL, 'GF', '2025-11-04', NULL, NULL, NULL, '2025-11-04T06:22:25.965Z'::timestamp, 'LF 20');
INSERT INTO assignment_history ("id", "user_id", "vehicle_config_id", "position", "assigned_for_date", "assigned_until_date", "assignment_batch_id", "assigned_by", "created_at", "vehicle_name") VALUES (22, '751ed530-9871-4017-a696-5366126cfabc', NULL, 'MA', '2025-11-04', NULL, NULL, NULL, '2025-11-04T06:22:26.423Z'::timestamp, 'LF 20');
INSERT INTO assignment_history ("id", "user_id", "vehicle_config_id", "position", "assigned_for_date", "assigned_until_date", "assignment_batch_id", "assigned_by", "created_at", "vehicle_name") VALUES (23, '5a4a9852-5198-4c38-b748-943e39cb4898', NULL, 'MELDER', '2025-11-04', NULL, NULL, NULL, '2025-11-04T06:22:26.606Z'::timestamp, 'LF 20');
INSERT INTO assignment_history ("id", "user_id", "vehicle_config_id", "position", "assigned_for_date", "assigned_until_date", "assignment_batch_id", "assigned_by", "created_at", "vehicle_name") VALUES (24, 'dc17b407-c7c8-44ea-9a79-8493f687ed75', NULL, 'ATF', '2025-11-04', NULL, NULL, NULL, '2025-11-04T06:22:26.982Z'::timestamp, 'LF 20');
INSERT INTO assignment_history ("id", "user_id", "vehicle_config_id", "position", "assigned_for_date", "assigned_until_date", "assignment_batch_id", "assigned_by", "created_at", "vehicle_name") VALUES (25, '2885c7ae-79da-4c8f-b8a1-faefedd0d120', NULL, 'ATM', '2025-11-04', NULL, NULL, NULL, '2025-11-04T06:22:27.315Z'::timestamp, 'LF 20');
INSERT INTO assignment_history ("id", "user_id", "vehicle_config_id", "position", "assigned_for_date", "assigned_until_date", "assignment_batch_id", "assigned_by", "created_at", "vehicle_name") VALUES (26, '4dd0b5dd-2b5e-40e6-9b4f-1a07b370f147', NULL, 'WTF', '2025-11-04', NULL, NULL, NULL, '2025-11-04T06:22:27.641Z'::timestamp, 'LF 20');
INSERT INTO assignment_history ("id", "user_id", "vehicle_config_id", "position", "assigned_for_date", "assigned_until_date", "assignment_batch_id", "assigned_by", "created_at", "vehicle_name") VALUES (27, '0974ce1d-a4c8-4cfe-92be-24e115c8256a', NULL, 'WTM', '2025-11-04', NULL, NULL, NULL, '2025-11-04T06:22:27.931Z'::timestamp, 'LF 20');
INSERT INTO assignment_history ("id", "user_id", "vehicle_config_id", "position", "assigned_for_date", "assigned_until_date", "assignment_batch_id", "assigned_by", "created_at", "vehicle_name") VALUES (28, 'f1728df0-028f-4c29-9ff3-13f0f62bc101', NULL, 'STF', '2025-11-04', NULL, NULL, NULL, '2025-11-04T06:22:29.136Z'::timestamp, 'LF 20');
INSERT INTO assignment_history ("id", "user_id", "vehicle_config_id", "position", "assigned_for_date", "assigned_until_date", "assignment_batch_id", "assigned_by", "created_at", "vehicle_name") VALUES (29, '09db85eb-ec97-4d14-94c5-b894da46a8d2', NULL, 'STM', '2025-11-04', NULL, NULL, NULL, '2025-11-04T06:22:30.249Z'::timestamp, 'LF 20');
INSERT INTO assignment_history ("id", "user_id", "vehicle_config_id", "position", "assigned_for_date", "assigned_until_date", "assignment_batch_id", "assigned_by", "created_at", "vehicle_name") VALUES (30, '3dc710ee-7efc-4c67-a971-f6be75dc4346', NULL, 'FAHRER', '2025-11-04', NULL, NULL, NULL, '2025-11-04T06:22:30.381Z'::timestamp, 'MTF');
INSERT INTO assignment_history ("id", "user_id", "vehicle_config_id", "position", "assigned_for_date", "assigned_until_date", "assignment_batch_id", "assigned_by", "created_at", "vehicle_name") VALUES (31, 'fbe37dd2-08b7-481a-86af-fdf669bc584f', NULL, 'GF/TF', '2025-11-04', NULL, NULL, NULL, '2025-11-04T06:22:31.475Z'::timestamp, 'MTF');
INSERT INTO assignment_history ("id", "user_id", "vehicle_config_id", "position", "assigned_for_date", "assigned_until_date", "assignment_batch_id", "assigned_by", "created_at", "vehicle_name") VALUES (32, 'a021a634-86d1-4c79-b008-0e7fc9c86848', NULL, 'M1', '2025-11-04', NULL, NULL, NULL, '2025-11-04T06:22:32.579Z'::timestamp, 'MTF');
INSERT INTO assignment_history ("id", "user_id", "vehicle_config_id", "position", "assigned_for_date", "assigned_until_date", "assignment_batch_id", "assigned_by", "created_at", "vehicle_name") VALUES (33, '65cb5542-e72f-45e9-b8bd-733fd5b33ff7', NULL, 'M2', '2025-11-04', NULL, NULL, NULL, '2025-11-04T06:22:33.639Z'::timestamp, 'MTF');
INSERT INTO assignment_history ("id", "user_id", "vehicle_config_id", "position", "assigned_for_date", "assigned_until_date", "assignment_batch_id", "assigned_by", "created_at", "vehicle_name") VALUES (34, '7195aa79-2806-405c-801e-c629da4edf35', NULL, 'M3', '2025-11-04', NULL, NULL, NULL, '2025-11-04T06:22:34.705Z'::timestamp, 'MTF');
INSERT INTO assignment_history ("id", "user_id", "vehicle_config_id", "position", "assigned_for_date", "assigned_until_date", "assignment_batch_id", "assigned_by", "created_at", "vehicle_name") VALUES (35, 'f720af72-4815-41b5-a711-5f41cc1f0c9d', NULL, 'M4', '2025-11-04', NULL, NULL, NULL, '2025-11-04T06:22:35.696Z'::timestamp, 'MTF');
INSERT INTO assignment_history ("id", "user_id", "vehicle_config_id", "position", "assigned_for_date", "assigned_until_date", "assignment_batch_id", "assigned_by", "created_at", "vehicle_name") VALUES (36, 'e53fe24d-9fca-43ba-ba83-735df41a7a4c', NULL, 'M5', '2025-11-04', NULL, NULL, NULL, '2025-11-04T06:22:36.719Z'::timestamp, 'MTF');
INSERT INTO assignment_history ("id", "user_id", "vehicle_config_id", "position", "assigned_for_date", "assigned_until_date", "assignment_batch_id", "assigned_by", "created_at", "vehicle_name") VALUES (37, '6903bae3-071f-4add-bbc5-08c6a2c06644', NULL, 'M6', '2025-11-04', NULL, NULL, NULL, '2025-11-04T06:22:37.665Z'::timestamp, 'MTF');
INSERT INTO assignment_history ("id", "user_id", "vehicle_config_id", "position", "assigned_for_date", "assigned_until_date", "assignment_batch_id", "assigned_by", "created_at", "vehicle_name") VALUES (38, 'deb1b841-e5bb-4d3e-b5d8-bd3f852813a1', NULL, 'TF', '2025-11-04', NULL, NULL, NULL, '2025-11-04T06:22:38.643Z'::timestamp, 'RW');
INSERT INTO assignment_history ("id", "user_id", "vehicle_config_id", "position", "assigned_for_date", "assigned_until_date", "assignment_batch_id", "assigned_by", "created_at", "vehicle_name") VALUES (39, '41267eb7-c217-47b7-b23b-88b16e5eabf5', NULL, 'MA', '2025-11-04', NULL, NULL, NULL, '2025-11-04T06:22:38.684Z'::timestamp, 'RW');
INSERT INTO assignment_history ("id", "user_id", "vehicle_config_id", "position", "assigned_for_date", "assigned_until_date", "assignment_batch_id", "assigned_by", "created_at", "vehicle_name") VALUES (40, '59744429-8ee6-4e95-8f37-aa707fe3b4a2', NULL, 'TM', '2025-11-04', NULL, NULL, NULL, '2025-11-04T06:22:39.752Z'::timestamp, 'RW');
INSERT INTO assignment_history ("id", "user_id", "vehicle_config_id", "position", "assigned_for_date", "assigned_until_date", "assignment_batch_id", "assigned_by", "created_at", "vehicle_name") VALUES (41, '69f48b51-b7e1-41e9-8d01-bc9126f047af', NULL, 'GF', '2025-11-04', NULL, NULL, NULL, '2025-11-04T06:22:40.139Z'::timestamp, 'TLF 4000 St');
INSERT INTO assignment_history ("id", "user_id", "vehicle_config_id", "position", "assigned_for_date", "assigned_until_date", "assignment_batch_id", "assigned_by", "created_at", "vehicle_name") VALUES (42, 'b1aa5b04-6da0-4540-8678-e491abe04fc9', NULL, 'MA', '2025-11-04', NULL, NULL, NULL, '2025-11-04T06:22:40.487Z'::timestamp, 'TLF 4000 St');
INSERT INTO assignment_history ("id", "user_id", "vehicle_config_id", "position", "assigned_for_date", "assigned_until_date", "assignment_batch_id", "assigned_by", "created_at", "vehicle_name") VALUES (43, '7965165b-03eb-4ff4-a8b1-fe76821ebfd6', NULL, 'ATF', '2025-11-04', NULL, NULL, NULL, '2025-11-04T06:22:40.692Z'::timestamp, 'TLF 4000 St');
INSERT INTO assignment_history ("id", "user_id", "vehicle_config_id", "position", "assigned_for_date", "assigned_until_date", "assignment_batch_id", "assigned_by", "created_at", "vehicle_name") VALUES (44, '4d7bf43d-6a48-44ba-8249-08bc8b1ef1e6', NULL, 'ATM', '2025-11-04', NULL, NULL, NULL, '2025-11-04T06:22:40.898Z'::timestamp, 'TLF 4000 St');
INSERT INTO assignment_history ("id", "user_id", "vehicle_config_id", "position", "assigned_for_date", "assigned_until_date", "assignment_batch_id", "assigned_by", "created_at", "vehicle_name") VALUES (45, '9bc6a54f-b4a5-4eff-9338-70726a938803', NULL, 'WTF', '2025-11-04', NULL, NULL, NULL, '2025-11-04T06:22:41.059Z'::timestamp, 'TLF 4000 St');
INSERT INTO assignment_history ("id", "user_id", "vehicle_config_id", "position", "assigned_for_date", "assigned_until_date", "assignment_batch_id", "assigned_by", "created_at", "vehicle_name") VALUES (46, '2d62055e-be00-480e-a01a-e65fca857fcc', NULL, 'WTM', '2025-11-04', NULL, NULL, NULL, '2025-11-04T06:22:41.221Z'::timestamp, 'TLF 4000 St');
INSERT INTO assignment_history ("id", "user_id", "vehicle_config_id", "position", "assigned_for_date", "assigned_until_date", "assignment_batch_id", "assigned_by", "created_at", "vehicle_name") VALUES (47, 'f6fa0eee-dc47-4071-9b7c-9850d90c7074', NULL, 'TF', '2025-11-04', NULL, NULL, NULL, '2025-11-04T06:22:41.342Z'::timestamp, 'Wasserträger');
INSERT INTO assignment_history ("id", "user_id", "vehicle_config_id", "position", "assigned_for_date", "assigned_until_date", "assignment_batch_id", "assigned_by", "created_at", "vehicle_name") VALUES (48, 'a2cf70e3-76d4-4913-807f-2050d4c75efc', NULL, 'MA', '2025-11-04', NULL, NULL, NULL, '2025-11-04T06:22:41.459Z'::timestamp, 'Wasserträger');
INSERT INTO assignment_history ("id", "user_id", "vehicle_config_id", "position", "assigned_for_date", "assigned_until_date", "assignment_batch_id", "assigned_by", "created_at", "vehicle_name") VALUES (49, '77aad1a0-87f2-4cf3-81b8-8faaaa17b4a4', NULL, 'TM', '2025-11-04', NULL, NULL, NULL, '2025-11-04T06:22:41.564Z'::timestamp, 'Wasserträger');
INSERT INTO assignment_history ("id", "user_id", "vehicle_config_id", "position", "assigned_for_date", "assigned_until_date", "assignment_batch_id", "assigned_by", "created_at", "vehicle_name") VALUES (50, 'd04cc9c0-21b1-4162-abb4-29cc6f6907e2', NULL, 'ZF/GF', '2025-11-04', NULL, NULL, NULL, '2025-11-04T07:41:40.229Z'::timestamp, 'ABC-Erkunder');
INSERT INTO assignment_history ("id", "user_id", "vehicle_config_id", "position", "assigned_for_date", "assigned_until_date", "assignment_batch_id", "assigned_by", "created_at", "vehicle_name") VALUES (51, '92103f77-0af4-4003-b812-521a65e01d7f', NULL, 'MA', '2025-11-04', NULL, NULL, NULL, '2025-11-04T07:41:40.477Z'::timestamp, 'ABC-Erkunder');
INSERT INTO assignment_history ("id", "user_id", "vehicle_config_id", "position", "assigned_for_date", "assigned_until_date", "assignment_batch_id", "assigned_by", "created_at", "vehicle_name") VALUES (52, '4e04a930-4b71-4918-9b8c-fa716b025f29', NULL, 'TR1', '2025-11-04', NULL, NULL, NULL, '2025-11-04T07:41:40.661Z'::timestamp, 'ABC-Erkunder');
INSERT INTO assignment_history ("id", "user_id", "vehicle_config_id", "position", "assigned_for_date", "assigned_until_date", "assignment_batch_id", "assigned_by", "created_at", "vehicle_name") VALUES (53, '31a9b0eb-bd5f-40d2-935d-f065592b9d04', NULL, 'TR2', '2025-11-04', NULL, NULL, NULL, '2025-11-04T07:41:40.806Z'::timestamp, 'ABC-Erkunder');
INSERT INTO assignment_history ("id", "user_id", "vehicle_config_id", "position", "assigned_for_date", "assigned_until_date", "assignment_batch_id", "assigned_by", "created_at", "vehicle_name") VALUES (54, 'c2d99dc8-67ca-40cc-a865-7199aeb9ffa2', NULL, 'ZF', '2025-11-04', NULL, NULL, NULL, '2025-11-04T07:41:41.028Z'::timestamp, 'ELW 1');
INSERT INTO assignment_history ("id", "user_id", "vehicle_config_id", "position", "assigned_for_date", "assigned_until_date", "assignment_batch_id", "assigned_by", "created_at", "vehicle_name") VALUES (55, '5eea0441-4506-4720-a822-9ff2ecf741e9', NULL, 'MA', '2025-11-04', NULL, NULL, NULL, '2025-11-04T07:41:41.216Z'::timestamp, 'ELW 1');
INSERT INTO assignment_history ("id", "user_id", "vehicle_config_id", "position", "assigned_for_date", "assigned_until_date", "assignment_batch_id", "assigned_by", "created_at", "vehicle_name") VALUES (56, 'c6022c0e-8bca-413d-8026-6755363c798a', NULL, 'FUEASS', '2025-11-04', NULL, NULL, NULL, '2025-11-04T07:41:41.220Z'::timestamp, 'ELW 1');
INSERT INTO assignment_history ("id", "user_id", "vehicle_config_id", "position", "assigned_for_date", "assigned_until_date", "assignment_batch_id", "assigned_by", "created_at", "vehicle_name") VALUES (57, '4b2da8b4-8c51-49ff-8bdb-99f9fbd90b5c', NULL, 'FUNK', '2025-11-04', NULL, NULL, NULL, '2025-11-04T07:41:41.260Z'::timestamp, 'ELW 1');
INSERT INTO assignment_history ("id", "user_id", "vehicle_config_id", "position", "assigned_for_date", "assigned_until_date", "assignment_batch_id", "assigned_by", "created_at", "vehicle_name") VALUES (58, 'd22f42f5-8898-4244-8b9b-4c35ae88a3d6', NULL, 'TF', '2025-11-04', NULL, NULL, NULL, '2025-11-04T07:41:41.935Z'::timestamp, 'GW-G');
INSERT INTO assignment_history ("id", "user_id", "vehicle_config_id", "position", "assigned_for_date", "assigned_until_date", "assignment_batch_id", "assigned_by", "created_at", "vehicle_name") VALUES (59, 'f24cf83e-f8c5-4a01-9616-3e981c04dec9', NULL, 'MA', '2025-11-04', NULL, NULL, NULL, '2025-11-04T07:41:42.105Z'::timestamp, 'GW-G');
INSERT INTO assignment_history ("id", "user_id", "vehicle_config_id", "position", "assigned_for_date", "assigned_until_date", "assignment_batch_id", "assigned_by", "created_at", "vehicle_name") VALUES (60, '7f5875f6-72a6-4bf9-9ff8-fa4e4eb02f2f', NULL, 'TM', '2025-11-04', NULL, NULL, NULL, '2025-11-04T07:41:42.723Z'::timestamp, 'GW-G');
INSERT INTO assignment_history ("id", "user_id", "vehicle_config_id", "position", "assigned_for_date", "assigned_until_date", "assignment_batch_id", "assigned_by", "created_at", "vehicle_name") VALUES (61, 'cdcd3d89-3356-4e52-9530-58df438b9ffd', NULL, 'GF', '2025-11-04', NULL, NULL, NULL, '2025-11-04T07:41:42.933Z'::timestamp, 'HLF 20');
INSERT INTO assignment_history ("id", "user_id", "vehicle_config_id", "position", "assigned_for_date", "assigned_until_date", "assignment_batch_id", "assigned_by", "created_at", "vehicle_name") VALUES (62, '7971f8f8-9d1d-4936-b90b-5131fcd0c16a', NULL, 'MA', '2025-11-04', NULL, NULL, NULL, '2025-11-04T07:41:43.108Z'::timestamp, 'HLF 20');
INSERT INTO assignment_history ("id", "user_id", "vehicle_config_id", "position", "assigned_for_date", "assigned_until_date", "assignment_batch_id", "assigned_by", "created_at", "vehicle_name") VALUES (63, '57175e41-a94e-4d6b-bedd-26e910f37851', NULL, 'MELDER', '2025-11-04', NULL, NULL, NULL, '2025-11-04T07:41:43.129Z'::timestamp, 'HLF 20');
INSERT INTO assignment_history ("id", "user_id", "vehicle_config_id", "position", "assigned_for_date", "assigned_until_date", "assignment_batch_id", "assigned_by", "created_at", "vehicle_name") VALUES (64, '0f994306-7d3b-419b-ba8a-c1899dd7a2d3', NULL, 'ATF', '2025-11-04', NULL, NULL, NULL, '2025-11-04T07:41:43.250Z'::timestamp, 'HLF 20');
INSERT INTO assignment_history ("id", "user_id", "vehicle_config_id", "position", "assigned_for_date", "assigned_until_date", "assignment_batch_id", "assigned_by", "created_at", "vehicle_name") VALUES (65, 'ef959f3e-d79d-4f00-80b2-37356be30ad3', NULL, 'ATM', '2025-11-04', NULL, NULL, NULL, '2025-11-04T07:41:43.334Z'::timestamp, 'HLF 20');
INSERT INTO assignment_history ("id", "user_id", "vehicle_config_id", "position", "assigned_for_date", "assigned_until_date", "assignment_batch_id", "assigned_by", "created_at", "vehicle_name") VALUES (66, 'a89d88a3-241f-438c-9a89-18035e75f90d', NULL, 'WTF', '2025-11-04', NULL, NULL, NULL, '2025-11-04T07:41:43.405Z'::timestamp, 'HLF 20');
INSERT INTO assignment_history ("id", "user_id", "vehicle_config_id", "position", "assigned_for_date", "assigned_until_date", "assignment_batch_id", "assigned_by", "created_at", "vehicle_name") VALUES (67, '673d0abd-b410-4e37-bc27-4519f7c8c23d', NULL, 'WTM', '2025-11-04', NULL, NULL, NULL, '2025-11-04T07:41:43.447Z'::timestamp, 'HLF 20');
INSERT INTO assignment_history ("id", "user_id", "vehicle_config_id", "position", "assigned_for_date", "assigned_until_date", "assignment_batch_id", "assigned_by", "created_at", "vehicle_name") VALUES (68, 'faf3c73c-53ab-4f02-bf66-7d45a4c073fb', NULL, 'STF', '2025-11-04', NULL, NULL, NULL, '2025-11-04T07:41:43.875Z'::timestamp, 'HLF 20');
INSERT INTO assignment_history ("id", "user_id", "vehicle_config_id", "position", "assigned_for_date", "assigned_until_date", "assignment_batch_id", "assigned_by", "created_at", "vehicle_name") VALUES (69, '399279f7-87dd-4e86-9277-fa4ab950e2ba', NULL, 'STM', '2025-11-04', NULL, NULL, NULL, '2025-11-04T07:41:44.239Z'::timestamp, 'HLF 20');
INSERT INTO assignment_history ("id", "user_id", "vehicle_config_id", "position", "assigned_for_date", "assigned_until_date", "assignment_batch_id", "assigned_by", "created_at", "vehicle_name") VALUES (70, '973b2832-e319-40f5-8a17-eee9c9a25124', NULL, 'GF', '2025-11-04', NULL, NULL, NULL, '2025-11-04T07:41:44.382Z'::timestamp, 'LF 20');
INSERT INTO assignment_history ("id", "user_id", "vehicle_config_id", "position", "assigned_for_date", "assigned_until_date", "assignment_batch_id", "assigned_by", "created_at", "vehicle_name") VALUES (71, '768a2487-13f9-49ec-b57b-d23b3517cc53', NULL, 'MA', '2025-11-04', NULL, NULL, NULL, '2025-11-04T07:41:44.495Z'::timestamp, 'LF 20');
INSERT INTO assignment_history ("id", "user_id", "vehicle_config_id", "position", "assigned_for_date", "assigned_until_date", "assignment_batch_id", "assigned_by", "created_at", "vehicle_name") VALUES (72, 'e662400d-8b1e-4e65-9299-0cc586095088', NULL, 'MELDER', '2025-11-04', NULL, NULL, NULL, '2025-11-04T07:41:44.497Z'::timestamp, 'LF 20');
INSERT INTO assignment_history ("id", "user_id", "vehicle_config_id", "position", "assigned_for_date", "assigned_until_date", "assignment_batch_id", "assigned_by", "created_at", "vehicle_name") VALUES (73, 'f8995539-18ab-4ee9-b7b6-0a1c39a2fdcb', NULL, 'ATM', '2025-11-04', NULL, NULL, NULL, '2025-11-04T07:41:44.523Z'::timestamp, 'LF 20');
INSERT INTO assignment_history ("id", "user_id", "vehicle_config_id", "position", "assigned_for_date", "assigned_until_date", "assignment_batch_id", "assigned_by", "created_at", "vehicle_name") VALUES (75, 'bff4a4b7-f0cd-40ac-baf1-47780262c350', NULL, 'ATF', '2025-11-04', NULL, NULL, NULL, '2025-11-04T07:41:44.525Z'::timestamp, 'LF 20');
INSERT INTO assignment_history ("id", "user_id", "vehicle_config_id", "position", "assigned_for_date", "assigned_until_date", "assignment_batch_id", "assigned_by", "created_at", "vehicle_name") VALUES (76, 'a07b2445-35ff-4c6d-8483-07cec3df374e', NULL, 'WTF', '2025-11-04', NULL, NULL, NULL, '2025-11-04T07:41:44.525Z'::timestamp, 'LF 20');
INSERT INTO assignment_history ("id", "user_id", "vehicle_config_id", "position", "assigned_for_date", "assigned_until_date", "assignment_batch_id", "assigned_by", "created_at", "vehicle_name") VALUES (74, 'ba0406a0-fb40-43da-99cb-cf448b9469e5', NULL, 'WTM', '2025-11-04', NULL, NULL, NULL, '2025-11-04T07:41:44.524Z'::timestamp, 'LF 20');
INSERT INTO assignment_history ("id", "user_id", "vehicle_config_id", "position", "assigned_for_date", "assigned_until_date", "assignment_batch_id", "assigned_by", "created_at", "vehicle_name") VALUES (77, '9967b9ab-0e38-486b-b763-04e658c4bcba', NULL, 'STF', '2025-11-04', NULL, NULL, NULL, '2025-11-04T07:41:44.822Z'::timestamp, 'LF 20');
INSERT INTO assignment_history ("id", "user_id", "vehicle_config_id", "position", "assigned_for_date", "assigned_until_date", "assignment_batch_id", "assigned_by", "created_at", "vehicle_name") VALUES (78, 'ef65bd66-08fa-4c11-bd2c-9856fefa7c38', NULL, 'STM', '2025-11-04', NULL, NULL, NULL, '2025-11-04T07:41:45.110Z'::timestamp, 'LF 20');
INSERT INTO assignment_history ("id", "user_id", "vehicle_config_id", "position", "assigned_for_date", "assigned_until_date", "assignment_batch_id", "assigned_by", "created_at", "vehicle_name") VALUES (79, '777699a7-b63e-4014-be78-443b126dd2e4', NULL, 'FAHRER', '2025-11-04', NULL, NULL, NULL, '2025-11-04T07:41:45.138Z'::timestamp, 'MTF');
INSERT INTO assignment_history ("id", "user_id", "vehicle_config_id", "position", "assigned_for_date", "assigned_until_date", "assignment_batch_id", "assigned_by", "created_at", "vehicle_name") VALUES (80, 'c4cf03f0-215a-4e8f-a635-8d12eb9f5814', NULL, 'GF/TF', '2025-11-04', NULL, NULL, NULL, '2025-11-04T07:41:45.378Z'::timestamp, 'MTF');
INSERT INTO assignment_history ("id", "user_id", "vehicle_config_id", "position", "assigned_for_date", "assigned_until_date", "assignment_batch_id", "assigned_by", "created_at", "vehicle_name") VALUES (81, '09da7a7a-2f66-46ed-9452-aa0211d49083', NULL, 'M1', '2025-11-04', NULL, NULL, NULL, '2025-11-04T07:41:45.601Z'::timestamp, 'MTF');
INSERT INTO assignment_history ("id", "user_id", "vehicle_config_id", "position", "assigned_for_date", "assigned_until_date", "assignment_batch_id", "assigned_by", "created_at", "vehicle_name") VALUES (82, '0e69516c-0233-483a-985e-d81e04457db5', NULL, 'M2', '2025-11-04', NULL, NULL, NULL, '2025-11-04T07:41:45.808Z'::timestamp, 'MTF');
INSERT INTO assignment_history ("id", "user_id", "vehicle_config_id", "position", "assigned_for_date", "assigned_until_date", "assignment_batch_id", "assigned_by", "created_at", "vehicle_name") VALUES (83, '01327d86-ba34-414c-8bbb-b7b83b366b36', NULL, 'M3', '2025-11-04', NULL, NULL, NULL, '2025-11-04T07:41:45.987Z'::timestamp, 'MTF');
INSERT INTO assignment_history ("id", "user_id", "vehicle_config_id", "position", "assigned_for_date", "assigned_until_date", "assignment_batch_id", "assigned_by", "created_at", "vehicle_name") VALUES (84, 'b9ae0d7a-13cc-4356-a80c-123ce425498e', NULL, 'M4', '2025-11-04', NULL, NULL, NULL, '2025-11-04T07:41:46.143Z'::timestamp, 'MTF');
INSERT INTO assignment_history ("id", "user_id", "vehicle_config_id", "position", "assigned_for_date", "assigned_until_date", "assignment_batch_id", "assigned_by", "created_at", "vehicle_name") VALUES (85, '823d7174-54f6-412e-9948-51db8fad206b', NULL, 'M5', '2025-11-04', NULL, NULL, NULL, '2025-11-04T07:41:46.280Z'::timestamp, 'MTF');
INSERT INTO assignment_history ("id", "user_id", "vehicle_config_id", "position", "assigned_for_date", "assigned_until_date", "assignment_batch_id", "assigned_by", "created_at", "vehicle_name") VALUES (86, 'bd46a359-1851-4171-b8bf-d5d62dfc90c5', NULL, 'M6', '2025-11-04', NULL, NULL, NULL, '2025-11-04T07:41:46.401Z'::timestamp, 'MTF');
INSERT INTO assignment_history ("id", "user_id", "vehicle_config_id", "position", "assigned_for_date", "assigned_until_date", "assignment_batch_id", "assigned_by", "created_at", "vehicle_name") VALUES (87, 'a310da0e-8af8-460b-a150-f2927c50be07', NULL, 'Fahrer', '2025-11-04', NULL, NULL, NULL, '2025-11-04T07:41:46.494Z'::timestamp, 'MTF 2');
INSERT INTO assignment_history ("id", "user_id", "vehicle_config_id", "position", "assigned_for_date", "assigned_until_date", "assignment_batch_id", "assigned_by", "created_at", "vehicle_name") VALUES (88, 'e9e9d231-6fe4-46d5-ae69-7240b8955aca', NULL, 'Beifahrer', '2025-11-04', NULL, NULL, NULL, '2025-11-04T07:41:46.564Z'::timestamp, 'MTF 2');
INSERT INTO assignment_history ("id", "user_id", "vehicle_config_id", "position", "assigned_for_date", "assigned_until_date", "assignment_batch_id", "assigned_by", "created_at", "vehicle_name") VALUES (89, '97bfae86-57c0-4fec-afd1-213e0daffe01', NULL, 'Platz 3', '2025-11-04', NULL, NULL, NULL, '2025-11-04T07:41:46.614Z'::timestamp, 'MTF 2');
INSERT INTO assignment_history ("id", "user_id", "vehicle_config_id", "position", "assigned_for_date", "assigned_until_date", "assignment_batch_id", "assigned_by", "created_at", "vehicle_name") VALUES (90, '7a07cdf8-bc64-4c54-bd14-3c79c554a2dc', NULL, 'Platz 5', '2025-11-04', NULL, NULL, NULL, '2025-11-04T07:41:46.642Z'::timestamp, 'MTF 2');
INSERT INTO assignment_history ("id", "user_id", "vehicle_config_id", "position", "assigned_for_date", "assigned_until_date", "assignment_batch_id", "assigned_by", "created_at", "vehicle_name") VALUES (93, 'aadc3e52-c227-4595-9ed8-9e4b5030dc0e', NULL, 'Platz 4', '2025-11-04', NULL, NULL, NULL, '2025-11-04T07:41:46.643Z'::timestamp, 'MTF 2');
INSERT INTO assignment_history ("id", "user_id", "vehicle_config_id", "position", "assigned_for_date", "assigned_until_date", "assignment_batch_id", "assigned_by", "created_at", "vehicle_name") VALUES (96, 'c99db4f8-45a3-4fe8-83b1-e98e579fa61c', NULL, 'Platz 6', '2025-11-04', NULL, NULL, NULL, '2025-11-04T07:41:46.644Z'::timestamp, 'MTF 2');
INSERT INTO assignment_history ("id", "user_id", "vehicle_config_id", "position", "assigned_for_date", "assigned_until_date", "assignment_batch_id", "assigned_by", "created_at", "vehicle_name") VALUES (99, '06b86b7d-3490-4795-ad54-66f5f4156604', NULL, 'ATM', '2025-11-04', NULL, NULL, NULL, '2025-11-04T07:41:46.645Z'::timestamp, 'TLF 4000 St');
INSERT INTO assignment_history ("id", "user_id", "vehicle_config_id", "position", "assigned_for_date", "assigned_until_date", "assignment_batch_id", "assigned_by", "created_at", "vehicle_name") VALUES (103, '5cf35e20-bbde-4163-bf6b-4fb61ba31301', NULL, 'TF', '2025-11-04', NULL, NULL, NULL, '2025-11-04T07:41:46.670Z'::timestamp, 'Wasserträger');
INSERT INTO assignment_history ("id", "user_id", "vehicle_config_id", "position", "assigned_for_date", "assigned_until_date", "assignment_batch_id", "assigned_by", "created_at", "vehicle_name") VALUES (91, 'fbe37dd2-08b7-481a-86af-fdf669bc584f', NULL, 'TF', '2025-11-04', NULL, NULL, NULL, '2025-11-04T07:41:46.643Z'::timestamp, 'RW');
INSERT INTO assignment_history ("id", "user_id", "vehicle_config_id", "position", "assigned_for_date", "assigned_until_date", "assignment_batch_id", "assigned_by", "created_at", "vehicle_name") VALUES (101, 'dc17b407-c7c8-44ea-9a79-8493f687ed75', NULL, 'WTF', '2025-11-04', NULL, NULL, NULL, '2025-11-04T07:41:46.669Z'::timestamp, 'TLF 4000 St');
INSERT INTO assignment_history ("id", "user_id", "vehicle_config_id", "position", "assigned_for_date", "assigned_until_date", "assignment_batch_id", "assigned_by", "created_at", "vehicle_name") VALUES (92, '7a84c8a1-cad4-4540-8bc7-d025a6389c09', NULL, 'TM', '2025-11-04', NULL, NULL, NULL, '2025-11-04T07:41:46.643Z'::timestamp, 'RW');
INSERT INTO assignment_history ("id", "user_id", "vehicle_config_id", "position", "assigned_for_date", "assigned_until_date", "assignment_batch_id", "assigned_by", "created_at", "vehicle_name") VALUES (94, '485a5fb8-4a95-4361-a355-c6d324b5459f', NULL, 'ATF', '2025-11-04', NULL, NULL, NULL, '2025-11-04T07:41:46.643Z'::timestamp, 'TLF 4000 St');
INSERT INTO assignment_history ("id", "user_id", "vehicle_config_id", "position", "assigned_for_date", "assigned_until_date", "assignment_batch_id", "assigned_by", "created_at", "vehicle_name") VALUES (95, '1712d237-eaf1-420d-a215-3b3f7e9cfdc8', NULL, 'GF', '2025-11-04', NULL, NULL, NULL, '2025-11-04T07:41:46.644Z'::timestamp, 'TLF 4000 St');
INSERT INTO assignment_history ("id", "user_id", "vehicle_config_id", "position", "assigned_for_date", "assigned_until_date", "assignment_batch_id", "assigned_by", "created_at", "vehicle_name") VALUES (97, '92411b9a-8cd8-417c-a2fd-85954516956e', NULL, 'MA', '2025-11-04', NULL, NULL, NULL, '2025-11-04T07:41:46.644Z'::timestamp, 'TLF 4000 St');
INSERT INTO assignment_history ("id", "user_id", "vehicle_config_id", "position", "assigned_for_date", "assigned_until_date", "assignment_batch_id", "assigned_by", "created_at", "vehicle_name") VALUES (100, '2885c7ae-79da-4c8f-b8a1-faefedd0d120', NULL, 'WTM', '2025-11-04', NULL, NULL, NULL, '2025-11-04T07:41:46.668Z'::timestamp, 'TLF 4000 St');
INSERT INTO assignment_history ("id", "user_id", "vehicle_config_id", "position", "assigned_for_date", "assigned_until_date", "assignment_batch_id", "assigned_by", "created_at", "vehicle_name") VALUES (102, '7195aa79-2806-405c-801e-c629da4edf35', NULL, 'MA', '2025-11-04', NULL, NULL, NULL, '2025-11-04T07:41:46.669Z'::timestamp, 'Wasserträger');
INSERT INTO assignment_history ("id", "user_id", "vehicle_config_id", "position", "assigned_for_date", "assigned_until_date", "assignment_batch_id", "assigned_by", "created_at", "vehicle_name") VALUES (104, 'e49e3888-ca31-4d59-bd71-f5195b774da2', NULL, 'TM', '2025-11-04', NULL, NULL, NULL, '2025-11-04T07:41:46.670Z'::timestamp, 'Wasserträger');
INSERT INTO assignment_history ("id", "user_id", "vehicle_config_id", "position", "assigned_for_date", "assigned_until_date", "assignment_batch_id", "assigned_by", "created_at", "vehicle_name") VALUES (98, '80c7aa6b-2622-4932-baf4-f1c717e9031b', NULL, 'MA', '2025-11-04', NULL, NULL, NULL, '2025-11-04T07:41:46.645Z'::timestamp, 'RW');
INSERT INTO assignment_history ("id", "user_id", "vehicle_config_id", "position", "assigned_for_date", "assigned_until_date", "assignment_batch_id", "assigned_by", "created_at", "vehicle_name") VALUES (111, '2d62055e-be00-480e-a01a-e65fca857fcc', NULL, 'MA', '2025-11-05', NULL, NULL, NULL, '2025-11-05T06:03:07.983Z'::timestamp, 'ELW 1');
INSERT INTO assignment_history ("id", "user_id", "vehicle_config_id", "position", "assigned_for_date", "assigned_until_date", "assignment_batch_id", "assigned_by", "created_at", "vehicle_name") VALUES (113, '4e04a930-4b71-4918-9b8c-fa716b025f29', NULL, 'FUNK', '2025-11-05', NULL, NULL, NULL, '2025-11-05T06:03:07.984Z'::timestamp, 'ELW 1');
INSERT INTO assignment_history ("id", "user_id", "vehicle_config_id", "position", "assigned_for_date", "assigned_until_date", "assignment_batch_id", "assigned_by", "created_at", "vehicle_name") VALUES (114, 'd04cc9c0-21b1-4162-abb4-29cc6f6907e2', NULL, 'ZF', '2025-11-05', NULL, NULL, NULL, '2025-11-05T06:03:07.982Z'::timestamp, 'ELW 1');
INSERT INTO assignment_history ("id", "user_id", "vehicle_config_id", "position", "assigned_for_date", "assigned_until_date", "assignment_batch_id", "assigned_by", "created_at", "vehicle_name") VALUES (108, 'f6fa0eee-dc47-4071-9b7c-9850d90c7074', NULL, 'ZF/GF', '2025-11-05', NULL, NULL, NULL, '2025-11-05T06:03:07.983Z'::timestamp, 'ABC-Erkunder');
INSERT INTO assignment_history ("id", "user_id", "vehicle_config_id", "position", "assigned_for_date", "assigned_until_date", "assignment_batch_id", "assigned_by", "created_at", "vehicle_name") VALUES (106, '3dc710ee-7efc-4c67-a971-f6be75dc4346', NULL, 'MA', '2025-11-05', NULL, NULL, NULL, '2025-11-05T06:03:07.985Z'::timestamp, 'GW-G');
INSERT INTO assignment_history ("id", "user_id", "vehicle_config_id", "position", "assigned_for_date", "assigned_until_date", "assignment_batch_id", "assigned_by", "created_at", "vehicle_name") VALUES (110, '5a4a9852-5198-4c38-b748-943e39cb4898', NULL, 'TR1', '2025-11-05', NULL, NULL, NULL, '2025-11-05T06:03:07.984Z'::timestamp, 'ABC-Erkunder');
INSERT INTO assignment_history ("id", "user_id", "vehicle_config_id", "position", "assigned_for_date", "assigned_until_date", "assignment_batch_id", "assigned_by", "created_at", "vehicle_name") VALUES (107, '08468e4e-cee0-4069-aee1-25be3864d359', NULL, 'TF', '2025-11-05', NULL, NULL, NULL, '2025-11-05T06:03:07.983Z'::timestamp, 'GW-G');
INSERT INTO assignment_history ("id", "user_id", "vehicle_config_id", "position", "assigned_for_date", "assigned_until_date", "assignment_batch_id", "assigned_by", "created_at", "vehicle_name") VALUES (112, 'f720af72-4815-41b5-a711-5f41cc1f0c9d', NULL, 'MA', '2025-11-05', NULL, NULL, NULL, '2025-11-05T06:03:07.983Z'::timestamp, 'ABC-Erkunder');
INSERT INTO assignment_history ("id", "user_id", "vehicle_config_id", "position", "assigned_for_date", "assigned_until_date", "assignment_batch_id", "assigned_by", "created_at", "vehicle_name") VALUES (109, '59744429-8ee6-4e95-8f37-aa707fe3b4a2', NULL, 'TR2', '2025-11-05', NULL, NULL, NULL, '2025-11-05T06:03:07.984Z'::timestamp, 'ABC-Erkunder');
INSERT INTO assignment_history ("id", "user_id", "vehicle_config_id", "position", "assigned_for_date", "assigned_until_date", "assignment_batch_id", "assigned_by", "created_at", "vehicle_name") VALUES (105, '77aad1a0-87f2-4cf3-81b8-8faaaa17b4a4', NULL, 'FUEASS', '2025-11-05', NULL, NULL, NULL, '2025-11-05T06:03:07.983Z'::timestamp, 'ELW 1');
INSERT INTO assignment_history ("id", "user_id", "vehicle_config_id", "position", "assigned_for_date", "assigned_until_date", "assignment_batch_id", "assigned_by", "created_at", "vehicle_name") VALUES (115, 'b1aa5b04-6da0-4540-8678-e491abe04fc9', NULL, 'TM', '2025-11-05', NULL, NULL, NULL, '2025-11-05T06:03:08.017Z'::timestamp, 'GW-G');
INSERT INTO assignment_history ("id", "user_id", "vehicle_config_id", "position", "assigned_for_date", "assigned_until_date", "assignment_batch_id", "assigned_by", "created_at", "vehicle_name") VALUES (116, '65cb5542-e72f-45e9-b8bd-733fd5b33ff7', NULL, 'GF', '2025-11-05', NULL, NULL, NULL, '2025-11-05T06:03:08.018Z'::timestamp, 'HLF 20');
INSERT INTO assignment_history ("id", "user_id", "vehicle_config_id", "position", "assigned_for_date", "assigned_until_date", "assignment_batch_id", "assigned_by", "created_at", "vehicle_name") VALUES (117, 'ef65bd66-08fa-4c11-bd2c-9856fefa7c38', NULL, 'MA', '2025-11-05', NULL, NULL, NULL, '2025-11-05T06:03:08.018Z'::timestamp, 'HLF 20');
INSERT INTO assignment_history ("id", "user_id", "vehicle_config_id", "position", "assigned_for_date", "assigned_until_date", "assignment_batch_id", "assigned_by", "created_at", "vehicle_name") VALUES (118, '0974ce1d-a4c8-4cfe-92be-24e115c8256a', NULL, 'ATM', '2025-11-05', NULL, NULL, NULL, '2025-11-05T06:03:08.020Z'::timestamp, 'HLF 20');
INSERT INTO assignment_history ("id", "user_id", "vehicle_config_id", "position", "assigned_for_date", "assigned_until_date", "assignment_batch_id", "assigned_by", "created_at", "vehicle_name") VALUES (119, '7971f8f8-9d1d-4936-b90b-5131fcd0c16a', NULL, 'MELDER', '2025-11-05', NULL, NULL, NULL, '2025-11-05T06:03:08.020Z'::timestamp, 'HLF 20');
INSERT INTO assignment_history ("id", "user_id", "vehicle_config_id", "position", "assigned_for_date", "assigned_until_date", "assignment_batch_id", "assigned_by", "created_at", "vehicle_name") VALUES (120, '6c243c95-b8e7-491b-ad6c-e6372de6b62c', NULL, 'STM', '2025-11-05', NULL, NULL, NULL, '2025-11-05T06:03:08.021Z'::timestamp, 'HLF 20');
INSERT INTO assignment_history ("id", "user_id", "vehicle_config_id", "position", "assigned_for_date", "assigned_until_date", "assignment_batch_id", "assigned_by", "created_at", "vehicle_name") VALUES (121, '4dd0b5dd-2b5e-40e6-9b4f-1a07b370f147', NULL, 'ATF', '2025-11-05', NULL, NULL, NULL, '2025-11-05T06:03:08.021Z'::timestamp, 'HLF 20');
INSERT INTO assignment_history ("id", "user_id", "vehicle_config_id", "position", "assigned_for_date", "assigned_until_date", "assignment_batch_id", "assigned_by", "created_at", "vehicle_name") VALUES (122, '7965165b-03eb-4ff4-a8b1-fe76821ebfd6', NULL, 'WTF', '2025-11-05', NULL, NULL, NULL, '2025-11-05T06:03:08.022Z'::timestamp, 'HLF 20');
INSERT INTO assignment_history ("id", "user_id", "vehicle_config_id", "position", "assigned_for_date", "assigned_until_date", "assignment_batch_id", "assigned_by", "created_at", "vehicle_name") VALUES (123, 'f4134c6e-c78b-44f9-9d82-1f33eae4a4aa', NULL, 'STF', '2025-11-05', NULL, NULL, NULL, '2025-11-05T06:03:08.022Z'::timestamp, 'HLF 20');
INSERT INTO assignment_history ("id", "user_id", "vehicle_config_id", "position", "assigned_for_date", "assigned_until_date", "assignment_batch_id", "assigned_by", "created_at", "vehicle_name") VALUES (124, '4d7bf43d-6a48-44ba-8249-08bc8b1ef1e6', NULL, 'WTM', '2025-11-05', NULL, NULL, NULL, '2025-11-05T06:03:08.022Z'::timestamp, 'HLF 20');
INSERT INTO assignment_history ("id", "user_id", "vehicle_config_id", "position", "assigned_for_date", "assigned_until_date", "assignment_batch_id", "assigned_by", "created_at", "vehicle_name") VALUES (125, '9bc6a54f-b4a5-4eff-9338-70726a938803', NULL, 'GF', '2025-11-05', NULL, NULL, NULL, '2025-11-05T06:03:08.041Z'::timestamp, 'LF 20');
INSERT INTO assignment_history ("id", "user_id", "vehicle_config_id", "position", "assigned_for_date", "assigned_until_date", "assignment_batch_id", "assigned_by", "created_at", "vehicle_name") VALUES (126, 'b9ae0d7a-13cc-4356-a80c-123ce425498e', NULL, 'MA', '2025-11-05', NULL, NULL, NULL, '2025-11-05T06:03:08.041Z'::timestamp, 'LF 20');
INSERT INTO assignment_history ("id", "user_id", "vehicle_config_id", "position", "assigned_for_date", "assigned_until_date", "assignment_batch_id", "assigned_by", "created_at", "vehicle_name") VALUES (127, '41267eb7-c217-47b7-b23b-88b16e5eabf5', NULL, 'MELDER', '2025-11-05', NULL, NULL, NULL, '2025-11-05T06:03:08.042Z'::timestamp, 'LF 20');
INSERT INTO assignment_history ("id", "user_id", "vehicle_config_id", "position", "assigned_for_date", "assigned_until_date", "assignment_batch_id", "assigned_by", "created_at", "vehicle_name") VALUES (128, 'f24cf83e-f8c5-4a01-9616-3e981c04dec9', NULL, 'ATF', '2025-11-05', NULL, NULL, NULL, '2025-11-05T06:03:08.043Z'::timestamp, 'LF 20');
INSERT INTO assignment_history ("id", "user_id", "vehicle_config_id", "position", "assigned_for_date", "assigned_until_date", "assignment_batch_id", "assigned_by", "created_at", "vehicle_name") VALUES (129, 'ef959f3e-d79d-4f00-80b2-37356be30ad3', NULL, 'WTF', '2025-11-05', NULL, NULL, NULL, '2025-11-05T06:03:08.044Z'::timestamp, 'LF 20');
INSERT INTO assignment_history ("id", "user_id", "vehicle_config_id", "position", "assigned_for_date", "assigned_until_date", "assignment_batch_id", "assigned_by", "created_at", "vehicle_name") VALUES (130, '0f994306-7d3b-419b-ba8a-c1899dd7a2d3', NULL, 'ATM', '2025-11-05', NULL, NULL, NULL, '2025-11-05T06:03:08.044Z'::timestamp, 'LF 20');
INSERT INTO assignment_history ("id", "user_id", "vehicle_config_id", "position", "assigned_for_date", "assigned_until_date", "assignment_batch_id", "assigned_by", "created_at", "vehicle_name") VALUES (131, 'deb1b841-e5bb-4d3e-b5d8-bd3f852813a1', NULL, 'WTM', '2025-11-05', NULL, NULL, NULL, '2025-11-05T06:03:08.046Z'::timestamp, 'LF 20');
INSERT INTO assignment_history ("id", "user_id", "vehicle_config_id", "position", "assigned_for_date", "assigned_until_date", "assignment_batch_id", "assigned_by", "created_at", "vehicle_name") VALUES (132, '09db85eb-ec97-4d14-94c5-b894da46a8d2', NULL, 'STF', '2025-11-05', NULL, NULL, NULL, '2025-11-05T06:03:08.048Z'::timestamp, 'LF 20');
INSERT INTO assignment_history ("id", "user_id", "vehicle_config_id", "position", "assigned_for_date", "assigned_until_date", "assignment_batch_id", "assigned_by", "created_at", "vehicle_name") VALUES (133, 'a2cf70e3-76d4-4913-807f-2050d4c75efc', NULL, 'FAHRER', '2025-11-05', NULL, NULL, NULL, '2025-11-05T06:03:08.049Z'::timestamp, 'MTF');
INSERT INTO assignment_history ("id", "user_id", "vehicle_config_id", "position", "assigned_for_date", "assigned_until_date", "assignment_batch_id", "assigned_by", "created_at", "vehicle_name") VALUES (134, 'f1728df0-028f-4c29-9ff3-13f0f62bc101', NULL, 'STM', '2025-11-05', NULL, NULL, NULL, '2025-11-05T06:03:08.048Z'::timestamp, 'LF 20');
INSERT INTO assignment_history ("id", "user_id", "vehicle_config_id", "position", "assigned_for_date", "assigned_until_date", "assignment_batch_id", "assigned_by", "created_at", "vehicle_name") VALUES (135, '69f48b51-b7e1-41e9-8d01-bc9126f047af', NULL, 'GF/TF', '2025-11-05', NULL, NULL, NULL, '2025-11-05T06:03:08.063Z'::timestamp, 'MTF');
INSERT INTO assignment_history ("id", "user_id", "vehicle_config_id", "position", "assigned_for_date", "assigned_until_date", "assignment_batch_id", "assigned_by", "created_at", "vehicle_name") VALUES (136, '751ed530-9871-4017-a696-5366126cfabc', NULL, 'M1', '2025-11-05', NULL, NULL, NULL, '2025-11-05T06:03:08.064Z'::timestamp, 'MTF');
INSERT INTO assignment_history ("id", "user_id", "vehicle_config_id", "position", "assigned_for_date", "assigned_until_date", "assignment_batch_id", "assigned_by", "created_at", "vehicle_name") VALUES (137, 'a021a634-86d1-4c79-b008-0e7fc9c86848', NULL, 'M2', '2025-11-05', NULL, NULL, NULL, '2025-11-05T06:03:08.065Z'::timestamp, 'MTF');
INSERT INTO assignment_history ("id", "user_id", "vehicle_config_id", "position", "assigned_for_date", "assigned_until_date", "assignment_batch_id", "assigned_by", "created_at", "vehicle_name") VALUES (138, 'e53fe24d-9fca-43ba-ba83-735df41a7a4c', NULL, 'M3', '2025-11-05', NULL, NULL, NULL, '2025-11-05T06:03:08.068Z'::timestamp, 'MTF');
INSERT INTO assignment_history ("id", "user_id", "vehicle_config_id", "position", "assigned_for_date", "assigned_until_date", "assignment_batch_id", "assigned_by", "created_at", "vehicle_name") VALUES (139, '6903bae3-071f-4add-bbc5-08c6a2c06644', NULL, 'M4', '2025-11-05', NULL, NULL, NULL, '2025-11-05T06:03:08.069Z'::timestamp, 'MTF');
INSERT INTO assignment_history ("id", "user_id", "vehicle_config_id", "position", "assigned_for_date", "assigned_until_date", "assignment_batch_id", "assigned_by", "created_at", "vehicle_name") VALUES (140, '92103f77-0af4-4003-b812-521a65e01d7f', NULL, 'M5', '2025-11-05', NULL, NULL, NULL, '2025-11-05T06:03:08.069Z'::timestamp, 'MTF');
INSERT INTO assignment_history ("id", "user_id", "vehicle_config_id", "position", "assigned_for_date", "assigned_until_date", "assignment_batch_id", "assigned_by", "created_at", "vehicle_name") VALUES (141, 'cdcd3d89-3356-4e52-9530-58df438b9ffd', NULL, 'M6', '2025-11-05', NULL, NULL, NULL, '2025-11-05T06:03:08.071Z'::timestamp, 'MTF');
INSERT INTO assignment_history ("id", "user_id", "vehicle_config_id", "position", "assigned_for_date", "assigned_until_date", "assignment_batch_id", "assigned_by", "created_at", "vehicle_name") VALUES (142, 'faf3c73c-53ab-4f02-bf66-7d45a4c073fb', NULL, 'Fahrer', '2025-11-05', NULL, NULL, NULL, '2025-11-05T06:03:08.073Z'::timestamp, 'MTF 2');
INSERT INTO assignment_history ("id", "user_id", "vehicle_config_id", "position", "assigned_for_date", "assigned_until_date", "assignment_batch_id", "assigned_by", "created_at", "vehicle_name") VALUES (143, '5eea0441-4506-4720-a822-9ff2ecf741e9', NULL, 'Beifahrer', '2025-11-05', NULL, NULL, NULL, '2025-11-05T06:03:08.076Z'::timestamp, 'MTF 2');
INSERT INTO assignment_history ("id", "user_id", "vehicle_config_id", "position", "assigned_for_date", "assigned_until_date", "assignment_batch_id", "assigned_by", "created_at", "vehicle_name") VALUES (144, 'd22f42f5-8898-4244-8b9b-4c35ae88a3d6', NULL, 'Platz 3', '2025-11-05', NULL, NULL, NULL, '2025-11-05T06:03:08.076Z'::timestamp, 'MTF 2');
INSERT INTO assignment_history ("id", "user_id", "vehicle_config_id", "position", "assigned_for_date", "assigned_until_date", "assignment_batch_id", "assigned_by", "created_at", "vehicle_name") VALUES (145, '399279f7-87dd-4e86-9277-fa4ab950e2ba', NULL, 'Platz 4', '2025-11-05', NULL, NULL, NULL, '2025-11-05T06:03:08.085Z'::timestamp, 'MTF 2');
INSERT INTO assignment_history ("id", "user_id", "vehicle_config_id", "position", "assigned_for_date", "assigned_until_date", "assignment_batch_id", "assigned_by", "created_at", "vehicle_name") VALUES (146, '9967b9ab-0e38-486b-b763-04e658c4bcba', NULL, 'Platz 5', '2025-11-05', NULL, NULL, NULL, '2025-11-05T06:03:08.086Z'::timestamp, 'MTF 2');
INSERT INTO assignment_history ("id", "user_id", "vehicle_config_id", "position", "assigned_for_date", "assigned_until_date", "assignment_batch_id", "assigned_by", "created_at", "vehicle_name") VALUES (147, '973b2832-e319-40f5-8a17-eee9c9a25124', NULL, 'Platz 6', '2025-11-05', NULL, NULL, NULL, '2025-11-05T06:03:08.088Z'::timestamp, 'MTF 2');
INSERT INTO assignment_history ("id", "user_id", "vehicle_config_id", "position", "assigned_for_date", "assigned_until_date", "assignment_batch_id", "assigned_by", "created_at", "vehicle_name") VALUES (148, '768a2487-13f9-49ec-b57b-d23b3517cc53', NULL, 'MA', '2025-11-05', NULL, NULL, NULL, '2025-11-05T06:03:08.092Z'::timestamp, 'RW');
INSERT INTO assignment_history ("id", "user_id", "vehicle_config_id", "position", "assigned_for_date", "assigned_until_date", "assignment_batch_id", "assigned_by", "created_at", "vehicle_name") VALUES (149, 'c4cf03f0-215a-4e8f-a635-8d12eb9f5814', NULL, 'TF', '2025-11-05', NULL, NULL, NULL, '2025-11-05T06:03:08.092Z'::timestamp, 'RW');
INSERT INTO assignment_history ("id", "user_id", "vehicle_config_id", "position", "assigned_for_date", "assigned_until_date", "assignment_batch_id", "assigned_by", "created_at", "vehicle_name") VALUES (150, 'a89d88a3-241f-438c-9a89-18035e75f90d', NULL, 'TM', '2025-11-05', NULL, NULL, NULL, '2025-11-05T06:03:08.093Z'::timestamp, 'RW');
INSERT INTO assignment_history ("id", "user_id", "vehicle_config_id", "position", "assigned_for_date", "assigned_until_date", "assignment_batch_id", "assigned_by", "created_at", "vehicle_name") VALUES (151, '01327d86-ba34-414c-8bbb-b7b83b366b36', NULL, 'GF', '2025-11-05', NULL, NULL, NULL, '2025-11-05T06:03:08.097Z'::timestamp, 'TLF 4000 St');
INSERT INTO assignment_history ("id", "user_id", "vehicle_config_id", "position", "assigned_for_date", "assigned_until_date", "assignment_batch_id", "assigned_by", "created_at", "vehicle_name") VALUES (152, 'c2d99dc8-67ca-40cc-a865-7199aeb9ffa2', NULL, 'MA', '2025-11-05', NULL, NULL, NULL, '2025-11-05T06:03:08.098Z'::timestamp, 'TLF 4000 St');
INSERT INTO assignment_history ("id", "user_id", "vehicle_config_id", "position", "assigned_for_date", "assigned_until_date", "assignment_batch_id", "assigned_by", "created_at", "vehicle_name") VALUES (153, '673d0abd-b410-4e37-bc27-4519f7c8c23d', NULL, 'ATF', '2025-11-05', NULL, NULL, NULL, '2025-11-05T06:03:08.101Z'::timestamp, 'TLF 4000 St');
INSERT INTO assignment_history ("id", "user_id", "vehicle_config_id", "position", "assigned_for_date", "assigned_until_date", "assignment_batch_id", "assigned_by", "created_at", "vehicle_name") VALUES (154, 'bff4a4b7-f0cd-40ac-baf1-47780262c350', NULL, 'ATM', '2025-11-05', NULL, NULL, NULL, '2025-11-05T06:03:08.101Z'::timestamp, 'TLF 4000 St');
INSERT INTO assignment_history ("id", "user_id", "vehicle_config_id", "position", "assigned_for_date", "assigned_until_date", "assignment_batch_id", "assigned_by", "created_at", "vehicle_name") VALUES (155, 'f8995539-18ab-4ee9-b7b6-0a1c39a2fdcb', NULL, 'WTF', '2025-11-05', NULL, NULL, NULL, '2025-11-05T06:03:08.107Z'::timestamp, 'TLF 4000 St');
INSERT INTO assignment_history ("id", "user_id", "vehicle_config_id", "position", "assigned_for_date", "assigned_until_date", "assignment_batch_id", "assigned_by", "created_at", "vehicle_name") VALUES (156, 'a07b2445-35ff-4c6d-8483-07cec3df374e', NULL, 'WTM', '2025-11-05', NULL, NULL, NULL, '2025-11-05T06:03:08.108Z'::timestamp, 'TLF 4000 St');
INSERT INTO assignment_history ("id", "user_id", "vehicle_config_id", "position", "assigned_for_date", "assigned_until_date", "assignment_batch_id", "assigned_by", "created_at", "vehicle_name") VALUES (157, '57175e41-a94e-4d6b-bedd-26e910f37851', NULL, 'TF', '2025-11-05', NULL, NULL, NULL, '2025-11-05T06:03:08.112Z'::timestamp, 'Wasserträger');
INSERT INTO assignment_history ("id", "user_id", "vehicle_config_id", "position", "assigned_for_date", "assigned_until_date", "assignment_batch_id", "assigned_by", "created_at", "vehicle_name") VALUES (158, '777699a7-b63e-4014-be78-443b126dd2e4', NULL, 'MA', '2025-11-05', NULL, NULL, NULL, '2025-11-05T06:03:08.114Z'::timestamp, 'Wasserträger');
INSERT INTO assignment_history ("id", "user_id", "vehicle_config_id", "position", "assigned_for_date", "assigned_until_date", "assignment_batch_id", "assigned_by", "created_at", "vehicle_name") VALUES (159, 'c6022c0e-8bca-413d-8026-6755363c798a', NULL, 'TM', '2025-11-05', NULL, NULL, NULL, '2025-11-05T06:03:08.116Z'::timestamp, 'Wasserträger');
INSERT INTO assignment_history ("id", "user_id", "vehicle_config_id", "position", "assigned_for_date", "assigned_until_date", "assignment_batch_id", "assigned_by", "created_at", "vehicle_name") VALUES (160, 'fbe37dd2-08b7-481a-86af-fdf669bc584f', NULL, 'ZF/GF', '2025-11-05', NULL, NULL, NULL, '2025-11-05T07:58:10.118Z'::timestamp, 'ABC-Erkunder');
INSERT INTO assignment_history ("id", "user_id", "vehicle_config_id", "position", "assigned_for_date", "assigned_until_date", "assignment_batch_id", "assigned_by", "created_at", "vehicle_name") VALUES (161, 'ba0406a0-fb40-43da-99cb-cf448b9469e5', NULL, 'MA', '2025-11-05', NULL, NULL, NULL, '2025-11-05T07:58:10.119Z'::timestamp, 'ABC-Erkunder');
INSERT INTO assignment_history ("id", "user_id", "vehicle_config_id", "position", "assigned_for_date", "assigned_until_date", "assignment_batch_id", "assigned_by", "created_at", "vehicle_name") VALUES (162, '5cf35e20-bbde-4163-bf6b-4fb61ba31301', NULL, 'ZF', '2025-11-05', NULL, NULL, NULL, '2025-11-05T07:58:10.120Z'::timestamp, 'ELW 1');
INSERT INTO assignment_history ("id", "user_id", "vehicle_config_id", "position", "assigned_for_date", "assigned_until_date", "assignment_batch_id", "assigned_by", "created_at", "vehicle_name") VALUES (163, 'e662400d-8b1e-4e65-9299-0cc586095088', NULL, 'TR1', '2025-11-05', NULL, NULL, NULL, '2025-11-05T07:58:10.120Z'::timestamp, 'ABC-Erkunder');
INSERT INTO assignment_history ("id", "user_id", "vehicle_config_id", "position", "assigned_for_date", "assigned_until_date", "assignment_batch_id", "assigned_by", "created_at", "vehicle_name") VALUES (164, '5a4a9852-5198-4c38-b748-943e39cb4898', NULL, 'TR2', '2025-11-05', NULL, NULL, NULL, '2025-11-05T07:58:10.121Z'::timestamp, 'ABC-Erkunder');
INSERT INTO assignment_history ("id", "user_id", "vehicle_config_id", "position", "assigned_for_date", "assigned_until_date", "assignment_batch_id", "assigned_by", "created_at", "vehicle_name") VALUES (165, '77aad1a0-87f2-4cf3-81b8-8faaaa17b4a4', NULL, 'FUNK', '2025-11-05', NULL, NULL, NULL, '2025-11-05T07:58:10.121Z'::timestamp, 'ELW 1');
INSERT INTO assignment_history ("id", "user_id", "vehicle_config_id", "position", "assigned_for_date", "assigned_until_date", "assignment_batch_id", "assigned_by", "created_at", "vehicle_name") VALUES (166, 'f6fa0eee-dc47-4071-9b7c-9850d90c7074', NULL, 'MA', '2025-11-05', NULL, NULL, NULL, '2025-11-05T07:58:10.121Z'::timestamp, 'ELW 1');
INSERT INTO assignment_history ("id", "user_id", "vehicle_config_id", "position", "assigned_for_date", "assigned_until_date", "assignment_batch_id", "assigned_by", "created_at", "vehicle_name") VALUES (167, '673d0abd-b410-4e37-bc27-4519f7c8c23d', NULL, 'MA', '2025-11-05', NULL, NULL, NULL, '2025-11-05T07:58:10.122Z'::timestamp, 'GW-G');
INSERT INTO assignment_history ("id", "user_id", "vehicle_config_id", "position", "assigned_for_date", "assigned_until_date", "assignment_batch_id", "assigned_by", "created_at", "vehicle_name") VALUES (168, '7f5875f6-72a6-4bf9-9ff8-fa4e4eb02f2f', NULL, 'TF', '2025-11-05', NULL, NULL, NULL, '2025-11-05T07:58:10.122Z'::timestamp, 'GW-G');
INSERT INTO assignment_history ("id", "user_id", "vehicle_config_id", "position", "assigned_for_date", "assigned_until_date", "assignment_batch_id", "assigned_by", "created_at", "vehicle_name") VALUES (169, '4e04a930-4b71-4918-9b8c-fa716b025f29', NULL, 'FUEASS', '2025-11-05', NULL, NULL, NULL, '2025-11-05T07:58:10.122Z'::timestamp, 'ELW 1');
INSERT INTO assignment_history ("id", "user_id", "vehicle_config_id", "position", "assigned_for_date", "assigned_until_date", "assignment_batch_id", "assigned_by", "created_at", "vehicle_name") VALUES (170, 'aadc3e52-c227-4595-9ed8-9e4b5030dc0e', NULL, 'TM', '2025-11-05', NULL, NULL, NULL, '2025-11-05T07:58:10.141Z'::timestamp, 'GW-G');
INSERT INTO assignment_history ("id", "user_id", "vehicle_config_id", "position", "assigned_for_date", "assigned_until_date", "assignment_batch_id", "assigned_by", "created_at", "vehicle_name") VALUES (171, 'bff4a4b7-f0cd-40ac-baf1-47780262c350', NULL, 'MA', '2025-11-05', NULL, NULL, NULL, '2025-11-05T07:58:10.143Z'::timestamp, 'HLF 20');
INSERT INTO assignment_history ("id", "user_id", "vehicle_config_id", "position", "assigned_for_date", "assigned_until_date", "assignment_batch_id", "assigned_by", "created_at", "vehicle_name") VALUES (172, 'bd46a359-1851-4171-b8bf-d5d62dfc90c5', NULL, 'GF', '2025-11-05', NULL, NULL, NULL, '2025-11-05T07:58:10.144Z'::timestamp, 'HLF 20');
INSERT INTO assignment_history ("id", "user_id", "vehicle_config_id", "position", "assigned_for_date", "assigned_until_date", "assignment_batch_id", "assigned_by", "created_at", "vehicle_name") VALUES (173, '80c7aa6b-2622-4932-baf4-f1c717e9031b', NULL, 'ATF', '2025-11-05', NULL, NULL, NULL, '2025-11-05T07:58:10.147Z'::timestamp, 'HLF 20');
INSERT INTO assignment_history ("id", "user_id", "vehicle_config_id", "position", "assigned_for_date", "assigned_until_date", "assignment_batch_id", "assigned_by", "created_at", "vehicle_name") VALUES (174, '31a9b0eb-bd5f-40d2-935d-f065592b9d04', NULL, 'MELDER', '2025-11-05', NULL, NULL, NULL, '2025-11-05T07:58:10.147Z'::timestamp, 'HLF 20');
INSERT INTO assignment_history ("id", "user_id", "vehicle_config_id", "position", "assigned_for_date", "assigned_until_date", "assignment_batch_id", "assigned_by", "created_at", "vehicle_name") VALUES (175, '7a84c8a1-cad4-4540-8bc7-d025a6389c09', NULL, 'WTF', '2025-11-05', NULL, NULL, NULL, '2025-11-05T07:58:10.147Z'::timestamp, 'HLF 20');
INSERT INTO assignment_history ("id", "user_id", "vehicle_config_id", "position", "assigned_for_date", "assigned_until_date", "assignment_batch_id", "assigned_by", "created_at", "vehicle_name") VALUES (176, '485a5fb8-4a95-4361-a355-c6d324b5459f', NULL, 'ATM', '2025-11-05', NULL, NULL, NULL, '2025-11-05T07:58:10.148Z'::timestamp, 'HLF 20');
INSERT INTO assignment_history ("id", "user_id", "vehicle_config_id", "position", "assigned_for_date", "assigned_until_date", "assignment_batch_id", "assigned_by", "created_at", "vehicle_name") VALUES (178, '09da7a7a-2f66-46ed-9452-aa0211d49083', NULL, 'STF', '2025-11-05', NULL, NULL, NULL, '2025-11-05T07:58:10.150Z'::timestamp, 'HLF 20');
INSERT INTO assignment_history ("id", "user_id", "vehicle_config_id", "position", "assigned_for_date", "assigned_until_date", "assignment_batch_id", "assigned_by", "created_at", "vehicle_name") VALUES (187, '823d7174-54f6-412e-9948-51db8fad206b', NULL, 'STF', '2025-11-05', NULL, NULL, NULL, '2025-11-05T07:58:10.178Z'::timestamp, 'LF 20');
INSERT INTO assignment_history ("id", "user_id", "vehicle_config_id", "position", "assigned_for_date", "assigned_until_date", "assignment_batch_id", "assigned_by", "created_at", "vehicle_name") VALUES (197, '08468e4e-cee0-4069-aee1-25be3864d359', NULL, 'Fahrer', '2025-11-05', NULL, NULL, NULL, '2025-11-05T07:58:10.202Z'::timestamp, 'MTF 2');
INSERT INTO assignment_history ("id", "user_id", "vehicle_config_id", "position", "assigned_for_date", "assigned_until_date", "assignment_batch_id", "assigned_by", "created_at", "vehicle_name") VALUES (207, 'b1aa5b04-6da0-4540-8678-e491abe04fc9', NULL, 'MA', '2025-11-05', NULL, NULL, NULL, '2025-11-05T07:58:10.226Z'::timestamp, 'TLF 4000 St');
INSERT INTO assignment_history ("id", "user_id", "vehicle_config_id", "position", "assigned_for_date", "assigned_until_date", "assignment_batch_id", "assigned_by", "created_at", "vehicle_name") VALUES (177, 'dc17b407-c7c8-44ea-9a79-8493f687ed75', NULL, 'WTM', '2025-11-05', NULL, NULL, NULL, '2025-11-05T07:58:10.150Z'::timestamp, 'HLF 20');
INSERT INTO assignment_history ("id", "user_id", "vehicle_config_id", "position", "assigned_for_date", "assigned_until_date", "assignment_batch_id", "assigned_by", "created_at", "vehicle_name") VALUES (188, 'a310da0e-8af8-460b-a150-f2927c50be07', NULL, 'STM', '2025-11-05', NULL, NULL, NULL, '2025-11-05T07:58:10.178Z'::timestamp, 'LF 20');
INSERT INTO assignment_history ("id", "user_id", "vehicle_config_id", "position", "assigned_for_date", "assigned_until_date", "assignment_batch_id", "assigned_by", "created_at", "vehicle_name") VALUES (198, '92411b9a-8cd8-417c-a2fd-85954516956e', NULL, 'Beifahrer', '2025-11-05', NULL, NULL, NULL, '2025-11-05T07:58:10.202Z'::timestamp, 'MTF 2');
INSERT INTO assignment_history ("id", "user_id", "vehicle_config_id", "position", "assigned_for_date", "assigned_until_date", "assignment_batch_id", "assigned_by", "created_at", "vehicle_name") VALUES (213, 'a2cf70e3-76d4-4913-807f-2050d4c75efc', NULL, 'MA', '2025-11-05', NULL, NULL, NULL, '2025-11-05T07:58:10.244Z'::timestamp, 'Wasserträger');
INSERT INTO assignment_history ("id", "user_id", "vehicle_config_id", "position", "assigned_for_date", "assigned_until_date", "assignment_batch_id", "assigned_by", "created_at", "vehicle_name") VALUES (179, '0e69516c-0233-483a-985e-d81e04457db5', NULL, 'STM', '2025-11-05', NULL, NULL, NULL, '2025-11-05T07:58:10.152Z'::timestamp, 'HLF 20');
INSERT INTO assignment_history ("id", "user_id", "vehicle_config_id", "position", "assigned_for_date", "assigned_until_date", "assignment_batch_id", "assigned_by", "created_at", "vehicle_name") VALUES (189, 'f24cf83e-f8c5-4a01-9616-3e981c04dec9', NULL, 'FAHRER', '2025-11-05', NULL, NULL, NULL, '2025-11-05T07:58:10.181Z'::timestamp, 'MTF');
INSERT INTO assignment_history ("id", "user_id", "vehicle_config_id", "position", "assigned_for_date", "assigned_until_date", "assignment_batch_id", "assigned_by", "created_at", "vehicle_name") VALUES (199, 'a021a634-86d1-4c79-b008-0e7fc9c86848', NULL, 'Platz 3', '2025-11-05', NULL, NULL, NULL, '2025-11-05T07:58:10.204Z'::timestamp, 'MTF 2');
INSERT INTO assignment_history ("id", "user_id", "vehicle_config_id", "position", "assigned_for_date", "assigned_until_date", "assignment_batch_id", "assigned_by", "created_at", "vehicle_name") VALUES (208, '0974ce1d-a4c8-4cfe-92be-24e115c8256a', NULL, 'ATF', '2025-11-05', NULL, NULL, NULL, '2025-11-05T07:58:10.229Z'::timestamp, 'TLF 4000 St');
INSERT INTO assignment_history ("id", "user_id", "vehicle_config_id", "position", "assigned_for_date", "assigned_until_date", "assignment_batch_id", "assigned_by", "created_at", "vehicle_name") VALUES (180, '97bfae86-57c0-4fec-afd1-213e0daffe01', NULL, 'GF', '2025-11-05', NULL, NULL, NULL, '2025-11-05T07:58:10.162Z'::timestamp, 'LF 20');
INSERT INTO assignment_history ("id", "user_id", "vehicle_config_id", "position", "assigned_for_date", "assigned_until_date", "assignment_batch_id", "assigned_by", "created_at", "vehicle_name") VALUES (190, '1712d237-eaf1-420d-a215-3b3f7e9cfdc8', NULL, 'GF/TF', '2025-11-05', NULL, NULL, NULL, '2025-11-05T07:58:10.185Z'::timestamp, 'MTF');
INSERT INTO assignment_history ("id", "user_id", "vehicle_config_id", "position", "assigned_for_date", "assigned_until_date", "assignment_batch_id", "assigned_by", "created_at", "vehicle_name") VALUES (200, '65cb5542-e72f-45e9-b8bd-733fd5b33ff7', NULL, 'Platz 4', '2025-11-05', NULL, NULL, NULL, '2025-11-05T07:58:10.208Z'::timestamp, 'MTF 2');
INSERT INTO assignment_history ("id", "user_id", "vehicle_config_id", "position", "assigned_for_date", "assigned_until_date", "assignment_batch_id", "assigned_by", "created_at", "vehicle_name") VALUES (209, '7965165b-03eb-4ff4-a8b1-fe76821ebfd6', NULL, 'ATM', '2025-11-05', NULL, NULL, NULL, '2025-11-05T07:58:10.231Z'::timestamp, 'TLF 4000 St');
INSERT INTO assignment_history ("id", "user_id", "vehicle_config_id", "position", "assigned_for_date", "assigned_until_date", "assignment_batch_id", "assigned_by", "created_at", "vehicle_name") VALUES (181, '7a07cdf8-bc64-4c54-bd14-3c79c554a2dc', NULL, 'MA', '2025-11-05', NULL, NULL, NULL, '2025-11-05T07:58:10.165Z'::timestamp, 'LF 20');
INSERT INTO assignment_history ("id", "user_id", "vehicle_config_id", "position", "assigned_for_date", "assigned_until_date", "assignment_batch_id", "assigned_by", "created_at", "vehicle_name") VALUES (191, 'e9e9d231-6fe4-46d5-ae69-7240b8955aca', NULL, 'M1', '2025-11-05', NULL, NULL, NULL, '2025-11-05T07:58:10.186Z'::timestamp, 'MTF');
INSERT INTO assignment_history ("id", "user_id", "vehicle_config_id", "position", "assigned_for_date", "assigned_until_date", "assignment_batch_id", "assigned_by", "created_at", "vehicle_name") VALUES (201, '751ed530-9871-4017-a696-5366126cfabc', NULL, 'Platz 5', '2025-11-05', NULL, NULL, NULL, '2025-11-05T07:58:10.211Z'::timestamp, 'MTF 2');
INSERT INTO assignment_history ("id", "user_id", "vehicle_config_id", "position", "assigned_for_date", "assigned_until_date", "assignment_batch_id", "assigned_by", "created_at", "vehicle_name") VALUES (210, '4d7bf43d-6a48-44ba-8249-08bc8b1ef1e6', NULL, 'WTF', '2025-11-05', NULL, NULL, NULL, '2025-11-05T07:58:10.232Z'::timestamp, 'TLF 4000 St');
INSERT INTO assignment_history ("id", "user_id", "vehicle_config_id", "position", "assigned_for_date", "assigned_until_date", "assignment_batch_id", "assigned_by", "created_at", "vehicle_name") VALUES (182, '4b2da8b4-8c51-49ff-8bdb-99f9fbd90b5c', NULL, 'MELDER', '2025-11-05', NULL, NULL, NULL, '2025-11-05T07:58:10.168Z'::timestamp, 'LF 20');
INSERT INTO assignment_history ("id", "user_id", "vehicle_config_id", "position", "assigned_for_date", "assigned_until_date", "assignment_batch_id", "assigned_by", "created_at", "vehicle_name") VALUES (193, 'c99db4f8-45a3-4fe8-83b1-e98e579fa61c', NULL, 'M2', '2025-11-05', NULL, NULL, NULL, '2025-11-05T07:58:10.194Z'::timestamp, 'MTF');
INSERT INTO assignment_history ("id", "user_id", "vehicle_config_id", "position", "assigned_for_date", "assigned_until_date", "assignment_batch_id", "assigned_by", "created_at", "vehicle_name") VALUES (203, 'deb1b841-e5bb-4d3e-b5d8-bd3f852813a1', NULL, 'TF', '2025-11-05', NULL, NULL, NULL, '2025-11-05T07:58:10.218Z'::timestamp, 'RW');
INSERT INTO assignment_history ("id", "user_id", "vehicle_config_id", "position", "assigned_for_date", "assigned_until_date", "assignment_batch_id", "assigned_by", "created_at", "vehicle_name") VALUES (214, 'c6022c0e-8bca-413d-8026-6755363c798a', NULL, 'TM', '2025-11-05', NULL, NULL, NULL, '2025-11-05T07:58:10.245Z'::timestamp, 'Wasserträger');
INSERT INTO assignment_history ("id", "user_id", "vehicle_config_id", "position", "assigned_for_date", "assigned_until_date", "assignment_batch_id", "assigned_by", "created_at", "vehicle_name") VALUES (183, '06b86b7d-3490-4795-ad54-66f5f4156604', NULL, 'ATF', '2025-11-05', NULL, NULL, NULL, '2025-11-05T07:58:10.169Z'::timestamp, 'LF 20');
INSERT INTO assignment_history ("id", "user_id", "vehicle_config_id", "position", "assigned_for_date", "assigned_until_date", "assignment_batch_id", "assigned_by", "created_at", "vehicle_name") VALUES (192, '6c243c95-b8e7-491b-ad6c-e6372de6b62c', NULL, 'M3', '2025-11-05', NULL, NULL, NULL, '2025-11-05T07:58:10.193Z'::timestamp, 'MTF');
INSERT INTO assignment_history ("id", "user_id", "vehicle_config_id", "position", "assigned_for_date", "assigned_until_date", "assignment_batch_id", "assigned_by", "created_at", "vehicle_name") VALUES (202, '7195aa79-2806-405c-801e-c629da4edf35', NULL, 'Platz 6', '2025-11-05', NULL, NULL, NULL, '2025-11-05T07:58:10.215Z'::timestamp, 'MTF 2');
INSERT INTO assignment_history ("id", "user_id", "vehicle_config_id", "position", "assigned_for_date", "assigned_until_date", "assignment_batch_id", "assigned_by", "created_at", "vehicle_name") VALUES (211, '59744429-8ee6-4e95-8f37-aa707fe3b4a2', NULL, 'WTM', '2025-11-05', NULL, NULL, NULL, '2025-11-05T07:58:10.238Z'::timestamp, 'TLF 4000 St');
INSERT INTO assignment_history ("id", "user_id", "vehicle_config_id", "position", "assigned_for_date", "assigned_until_date", "assignment_batch_id", "assigned_by", "created_at", "vehicle_name") VALUES (184, '4dd0b5dd-2b5e-40e6-9b4f-1a07b370f147', NULL, 'ATM', '2025-11-05', NULL, NULL, NULL, '2025-11-05T07:58:10.170Z'::timestamp, 'LF 20');
INSERT INTO assignment_history ("id", "user_id", "vehicle_config_id", "position", "assigned_for_date", "assigned_until_date", "assignment_batch_id", "assigned_by", "created_at", "vehicle_name") VALUES (195, 'f4134c6e-c78b-44f9-9d82-1f33eae4a4aa', NULL, 'M4', '2025-11-05', NULL, NULL, NULL, '2025-11-05T07:58:10.195Z'::timestamp, 'MTF');
INSERT INTO assignment_history ("id", "user_id", "vehicle_config_id", "position", "assigned_for_date", "assigned_until_date", "assignment_batch_id", "assigned_by", "created_at", "vehicle_name") VALUES (204, '41267eb7-c217-47b7-b23b-88b16e5eabf5', NULL, 'MA', '2025-11-05', NULL, NULL, NULL, '2025-11-05T07:58:10.218Z'::timestamp, 'RW');
INSERT INTO assignment_history ("id", "user_id", "vehicle_config_id", "position", "assigned_for_date", "assigned_until_date", "assignment_batch_id", "assigned_by", "created_at", "vehicle_name") VALUES (212, 'd04cc9c0-21b1-4162-abb4-29cc6f6907e2', NULL, 'TF', '2025-11-05', NULL, NULL, NULL, '2025-11-05T07:58:10.241Z'::timestamp, 'Wasserträger');
INSERT INTO assignment_history ("id", "user_id", "vehicle_config_id", "position", "assigned_for_date", "assigned_until_date", "assignment_batch_id", "assigned_by", "created_at", "vehicle_name") VALUES (185, '2885c7ae-79da-4c8f-b8a1-faefedd0d120', NULL, 'WTF', '2025-11-05', NULL, NULL, NULL, '2025-11-05T07:58:10.171Z'::timestamp, 'LF 20');
INSERT INTO assignment_history ("id", "user_id", "vehicle_config_id", "position", "assigned_for_date", "assigned_until_date", "assignment_batch_id", "assigned_by", "created_at", "vehicle_name") VALUES (194, 'f1728df0-028f-4c29-9ff3-13f0f62bc101', NULL, 'M5', '2025-11-05', NULL, NULL, NULL, '2025-11-05T07:58:10.195Z'::timestamp, 'MTF');
INSERT INTO assignment_history ("id", "user_id", "vehicle_config_id", "position", "assigned_for_date", "assigned_until_date", "assignment_batch_id", "assigned_by", "created_at", "vehicle_name") VALUES (205, '9bc6a54f-b4a5-4eff-9338-70726a938803', NULL, 'TM', '2025-11-05', NULL, NULL, NULL, '2025-11-05T07:58:10.219Z'::timestamp, 'RW');
INSERT INTO assignment_history ("id", "user_id", "vehicle_config_id", "position", "assigned_for_date", "assigned_until_date", "assignment_batch_id", "assigned_by", "created_at", "vehicle_name") VALUES (186, 'e49e3888-ca31-4d59-bd71-f5195b774da2', NULL, 'WTM', '2025-11-05', NULL, NULL, NULL, '2025-11-05T07:58:10.172Z'::timestamp, 'LF 20');
INSERT INTO assignment_history ("id", "user_id", "vehicle_config_id", "position", "assigned_for_date", "assigned_until_date", "assignment_batch_id", "assigned_by", "created_at", "vehicle_name") VALUES (196, '09db85eb-ec97-4d14-94c5-b894da46a8d2', NULL, 'M6', '2025-11-05', NULL, NULL, NULL, '2025-11-05T07:58:10.199Z'::timestamp, 'MTF');
INSERT INTO assignment_history ("id", "user_id", "vehicle_config_id", "position", "assigned_for_date", "assigned_until_date", "assignment_batch_id", "assigned_by", "created_at", "vehicle_name") VALUES (206, 'f720af72-4815-41b5-a711-5f41cc1f0c9d', NULL, 'GF', '2025-11-05', NULL, NULL, NULL, '2025-11-05T07:58:10.221Z'::timestamp, 'TLF 4000 St');

-- Tabelle: assignment_fairness (82 Zeilen)
TRUNCATE TABLE assignment_fairness CASCADE;
INSERT INTO assignment_fairness ("user_id", "total_assignments", "per_position_counts", "last_position", "last_assigned_at", "rolling_fairness_score", "updated_at") VALUES ('e662400d-8b1e-4e65-9299-0cc586095088', 3, '{"MA":1,"TR1":1,"MELDER":1}'::jsonb, 'TR1', '2025-11-05T07:58:10.291Z'::timestamp, 3, '2025-11-05T07:58:10.291Z'::timestamp);
INSERT INTO assignment_fairness ("user_id", "total_assignments", "per_position_counts", "last_position", "last_assigned_at", "rolling_fairness_score", "updated_at") VALUES ('fbe37dd2-08b7-481a-86af-fdf669bc584f', 3, '{"TF":1,"GF/TF":1,"ZF/GF":1}'::jsonb, 'ZF/GF', '2025-11-05T07:58:10.265Z'::timestamp, 3, '2025-11-05T07:58:10.265Z'::timestamp);
INSERT INTO assignment_fairness ("user_id", "total_assignments", "per_position_counts", "last_position", "last_assigned_at", "rolling_fairness_score", "updated_at") VALUES ('7a07cdf8-bc64-4c54-bd14-3c79c554a2dc', 3, '{"MA":2,"Platz 5":1}'::jsonb, 'MA', '2025-11-05T07:58:10.315Z'::timestamp, 3, '2025-11-05T07:58:10.315Z'::timestamp);
INSERT INTO assignment_fairness ("user_id", "total_assignments", "per_position_counts", "last_position", "last_assigned_at", "rolling_fairness_score", "updated_at") VALUES ('80c7aa6b-2622-4932-baf4-f1c717e9031b', 3, '{"GF":1,"MA":1,"ATF":1}'::jsonb, 'ATF', '2025-11-05T07:58:10.290Z'::timestamp, 3, '2025-11-05T07:58:10.290Z'::timestamp);
INSERT INTO assignment_fairness ("user_id", "total_assignments", "per_position_counts", "last_position", "last_assigned_at", "rolling_fairness_score", "updated_at") VALUES ('a2cf70e3-76d4-4913-807f-2050d4c75efc', 3, '{"MA":2,"FAHRER":1}'::jsonb, 'MA', '2025-11-05T07:58:10.397Z'::timestamp, 3, '2025-11-05T07:58:10.397Z'::timestamp);
INSERT INTO assignment_fairness ("user_id", "total_assignments", "per_position_counts", "last_position", "last_assigned_at", "rolling_fairness_score", "updated_at") VALUES ('ba0406a0-fb40-43da-99cb-cf448b9469e5', 3, '{"MA":1,"WTM":1,"ZF/GF":1}'::jsonb, 'MA', '2025-11-05T07:58:10.266Z'::timestamp, 3, '2025-11-05T07:58:10.266Z'::timestamp);
INSERT INTO assignment_fairness ("user_id", "total_assignments", "per_position_counts", "last_position", "last_assigned_at", "rolling_fairness_score", "updated_at") VALUES ('7f5875f6-72a6-4bf9-9ff8-fa4e4eb02f2f', 2, '{"TF":1,"TM":1}'::jsonb, 'TF', '2025-11-05T07:58:10.268Z'::timestamp, 2, '2025-11-05T07:58:10.268Z'::timestamp);
INSERT INTO assignment_fairness ("user_id", "total_assignments", "per_position_counts", "last_position", "last_assigned_at", "rolling_fairness_score", "updated_at") VALUES ('c2d99dc8-67ca-40cc-a865-7199aeb9ffa2', 2, '{"MA":1,"ZF":1}'::jsonb, 'MA', '2025-11-05T06:03:08.237Z'::timestamp, 2, '2025-11-05T06:03:08.237Z'::timestamp);
INSERT INTO assignment_fairness ("user_id", "total_assignments", "per_position_counts", "last_position", "last_assigned_at", "rolling_fairness_score", "updated_at") VALUES ('5cf35e20-bbde-4163-bf6b-4fb61ba31301', 3, '{"TF":1,"ZF":1,"FUNK":1}'::jsonb, 'ZF', '2025-11-05T07:58:10.267Z'::timestamp, 3, '2025-11-05T07:58:10.267Z'::timestamp);
INSERT INTO assignment_fairness ("user_id", "total_assignments", "per_position_counts", "last_position", "last_assigned_at", "rolling_fairness_score", "updated_at") VALUES ('4b2da8b4-8c51-49ff-8bdb-99f9fbd90b5c', 3, '{"FUNK":1,"FUEASS":1,"MELDER":1}'::jsonb, 'MELDER', '2025-11-05T07:58:10.314Z'::timestamp, 3, '2025-11-05T07:58:10.314Z'::timestamp);
INSERT INTO assignment_fairness ("user_id", "total_assignments", "per_position_counts", "last_position", "last_assigned_at", "rolling_fairness_score", "updated_at") VALUES ('6c243c95-b8e7-491b-ad6c-e6372de6b62c', 3, '{"M3":1,"STF":1,"STM":1}'::jsonb, 'M3', '2025-11-05T07:58:10.343Z'::timestamp, 3, '2025-11-05T07:58:10.343Z'::timestamp);
INSERT INTO assignment_fairness ("user_id", "total_assignments", "per_position_counts", "last_position", "last_assigned_at", "rolling_fairness_score", "updated_at") VALUES ('deb1b841-e5bb-4d3e-b5d8-bd3f852813a1', 3, '{"TF":2,"WTM":1}'::jsonb, 'TF', '2025-11-05T07:58:10.373Z'::timestamp, 3, '2025-11-05T07:58:10.373Z'::timestamp);
INSERT INTO assignment_fairness ("user_id", "total_assignments", "per_position_counts", "last_position", "last_assigned_at", "rolling_fairness_score", "updated_at") VALUES ('f4134c6e-c78b-44f9-9d82-1f33eae4a4aa', 3, '{"M4":1,"STF":1,"STM":1}'::jsonb, 'M4', '2025-11-05T07:58:10.348Z'::timestamp, 3, '2025-11-05T07:58:10.348Z'::timestamp);
INSERT INTO assignment_fairness ("user_id", "total_assignments", "per_position_counts", "last_position", "last_assigned_at", "rolling_fairness_score", "updated_at") VALUES ('7a84c8a1-cad4-4540-8bc7-d025a6389c09', 3, '{"MA":1,"TM":1,"WTF":1}'::jsonb, 'WTF', '2025-11-05T07:58:10.293Z'::timestamp, 3, '2025-11-05T07:58:10.293Z'::timestamp);
INSERT INTO assignment_fairness ("user_id", "total_assignments", "per_position_counts", "last_position", "last_assigned_at", "rolling_fairness_score", "updated_at") VALUES ('06b86b7d-3490-4795-ad54-66f5f4156604', 3, '{"ATF":1,"ATM":1,"WTM":1}'::jsonb, 'ATF', '2025-11-05T07:58:10.316Z'::timestamp, 3, '2025-11-05T07:58:10.316Z'::timestamp);
INSERT INTO assignment_fairness ("user_id", "total_assignments", "per_position_counts", "last_position", "last_assigned_at", "rolling_fairness_score", "updated_at") VALUES ('2885c7ae-79da-4c8f-b8a1-faefedd0d120', 3, '{"ATM":1,"WTF":1,"WTM":1}'::jsonb, 'WTF', '2025-11-05T07:58:10.318Z'::timestamp, 3, '2025-11-05T07:58:10.318Z'::timestamp);
INSERT INTO assignment_fairness ("user_id", "total_assignments", "per_position_counts", "last_position", "last_assigned_at", "rolling_fairness_score", "updated_at") VALUES ('e49e3888-ca31-4d59-bd71-f5195b774da2', 3, '{"TM":1,"WTM":1,"MELDER":1}'::jsonb, 'WTM', '2025-11-05T07:58:10.320Z'::timestamp, 3, '2025-11-05T07:58:10.320Z'::timestamp);
INSERT INTO assignment_fairness ("user_id", "total_assignments", "per_position_counts", "last_position", "last_assigned_at", "rolling_fairness_score", "updated_at") VALUES ('41267eb7-c217-47b7-b23b-88b16e5eabf5', 3, '{"MA":2,"MELDER":1}'::jsonb, 'MA', '2025-11-05T07:58:10.367Z'::timestamp, 3, '2025-11-05T07:58:10.367Z'::timestamp);
INSERT INTO assignment_fairness ("user_id", "total_assignments", "per_position_counts", "last_position", "last_assigned_at", "rolling_fairness_score", "updated_at") VALUES ('77aad1a0-87f2-4cf3-81b8-8faaaa17b4a4', 3, '{"TM":1,"FUNK":1,"FUEASS":1}'::jsonb, 'FUNK', '2025-11-05T07:58:10.275Z'::timestamp, 3, '2025-11-05T07:58:10.275Z'::timestamp);
INSERT INTO assignment_fairness ("user_id", "total_assignments", "per_position_counts", "last_position", "last_assigned_at", "rolling_fairness_score", "updated_at") VALUES ('f24cf83e-f8c5-4a01-9616-3e981c04dec9', 3, '{"MA":1,"ATF":1,"FAHRER":1}'::jsonb, 'FAHRER', '2025-11-05T07:58:10.332Z'::timestamp, 3, '2025-11-05T07:58:10.332Z'::timestamp);
INSERT INTO assignment_fairness ("user_id", "total_assignments", "per_position_counts", "last_position", "last_assigned_at", "rolling_fairness_score", "updated_at") VALUES ('5a4a9852-5198-4c38-b748-943e39cb4898', 3, '{"TR1":1,"TR2":1,"MELDER":1}'::jsonb, 'TR2', '2025-11-05T07:58:10.286Z'::timestamp, 3, '2025-11-05T07:58:10.286Z'::timestamp);
INSERT INTO assignment_fairness ("user_id", "total_assignments", "per_position_counts", "last_position", "last_assigned_at", "rolling_fairness_score", "updated_at") VALUES ('a021a634-86d1-4c79-b008-0e7fc9c86848', 3, '{"M1":1,"M2":1,"Platz 3":1}'::jsonb, 'Platz 3', '2025-11-05T07:58:10.356Z'::timestamp, 3, '2025-11-05T07:58:10.356Z'::timestamp);
INSERT INTO assignment_fairness ("user_id", "total_assignments", "per_position_counts", "last_position", "last_assigned_at", "rolling_fairness_score", "updated_at") VALUES ('0974ce1d-a4c8-4cfe-92be-24e115c8256a', 3, '{"ATF":1,"ATM":1,"WTM":1}'::jsonb, 'ATF', '2025-11-05T07:58:10.377Z'::timestamp, 3, '2025-11-05T07:58:10.377Z'::timestamp);
INSERT INTO assignment_fairness ("user_id", "total_assignments", "per_position_counts", "last_position", "last_assigned_at", "rolling_fairness_score", "updated_at") VALUES ('3dc710ee-7efc-4c67-a971-f6be75dc4346', 2, '{"MA":1,"FAHRER":1}'::jsonb, 'MA', '2025-11-05T06:03:08.140Z'::timestamp, 2, '2025-11-05T06:03:08.140Z'::timestamp);
INSERT INTO assignment_fairness ("user_id", "total_assignments", "per_position_counts", "last_position", "last_assigned_at", "rolling_fairness_score", "updated_at") VALUES ('d04cc9c0-21b1-4162-abb4-29cc6f6907e2', 3, '{"TF":1,"ZF":1,"ZF/GF":1}'::jsonb, 'TF', '2025-11-05T07:58:10.392Z'::timestamp, 3, '2025-11-05T07:58:10.392Z'::timestamp);
INSERT INTO assignment_fairness ("user_id", "total_assignments", "per_position_counts", "last_position", "last_assigned_at", "rolling_fairness_score", "updated_at") VALUES ('c6022c0e-8bca-413d-8026-6755363c798a', 4, '{"TM":2,"TR2":1,"FUEASS":1}'::jsonb, 'TM', '2025-11-05T07:58:10.400Z'::timestamp, 4, '2025-11-05T07:58:10.400Z'::timestamp);
INSERT INTO assignment_fairness ("user_id", "total_assignments", "per_position_counts", "last_position", "last_assigned_at", "rolling_fairness_score", "updated_at") VALUES ('31a9b0eb-bd5f-40d2-935d-f065592b9d04', 3, '{"TR1":1,"TR2":1,"MELDER":1}'::jsonb, 'MELDER', '2025-11-05T07:58:10.288Z'::timestamp, 3, '2025-11-05T07:58:10.288Z'::timestamp);
INSERT INTO assignment_fairness ("user_id", "total_assignments", "per_position_counts", "last_position", "last_assigned_at", "rolling_fairness_score", "updated_at") VALUES ('7195aa79-2806-405c-801e-c629da4edf35', 3, '{"M3":1,"MA":1,"Platz 6":1}'::jsonb, 'Platz 6', '2025-11-05T07:58:10.364Z'::timestamp, 3, '2025-11-05T07:58:10.364Z'::timestamp);
INSERT INTO assignment_fairness ("user_id", "total_assignments", "per_position_counts", "last_position", "last_assigned_at", "rolling_fairness_score", "updated_at") VALUES ('59744429-8ee6-4e95-8f37-aa707fe3b4a2', 3, '{"TM":1,"TR2":1,"WTM":1}'::jsonb, 'WTM', '2025-11-05T07:58:10.388Z'::timestamp, 3, '2025-11-05T07:58:10.388Z'::timestamp);
INSERT INTO assignment_fairness ("user_id", "total_assignments", "per_position_counts", "last_position", "last_assigned_at", "rolling_fairness_score", "updated_at") VALUES ('7965165b-03eb-4ff4-a8b1-fe76821ebfd6', 3, '{"ATF":1,"ATM":1,"WTF":1}'::jsonb, 'ATM', '2025-11-05T07:58:10.383Z'::timestamp, 3, '2025-11-05T07:58:10.383Z'::timestamp);
INSERT INTO assignment_fairness ("user_id", "total_assignments", "per_position_counts", "last_position", "last_assigned_at", "rolling_fairness_score", "updated_at") VALUES ('c99db4f8-45a3-4fe8-83b1-e98e579fa61c', 3, '{"M2":1,"TF":1,"Platz 6":1}'::jsonb, 'M2', '2025-11-05T07:58:10.344Z'::timestamp, 3, '2025-11-05T07:58:10.344Z'::timestamp);
INSERT INTO assignment_fairness ("user_id", "total_assignments", "per_position_counts", "last_position", "last_assigned_at", "rolling_fairness_score", "updated_at") VALUES ('7971f8f8-9d1d-4936-b90b-5131fcd0c16a', 2, '{"MA":1,"MELDER":1}'::jsonb, 'MELDER', '2025-11-05T06:03:08.164Z'::timestamp, 2, '2025-11-05T06:03:08.164Z'::timestamp);
INSERT INTO assignment_fairness ("user_id", "total_assignments", "per_position_counts", "last_position", "last_assigned_at", "rolling_fairness_score", "updated_at") VALUES ('65cb5542-e72f-45e9-b8bd-733fd5b33ff7', 3, '{"GF":1,"M2":1,"Platz 4":1}'::jsonb, 'Platz 4', '2025-11-05T07:58:10.356Z'::timestamp, 3, '2025-11-05T07:58:10.356Z'::timestamp);
INSERT INTO assignment_fairness ("user_id", "total_assignments", "per_position_counts", "last_position", "last_assigned_at", "rolling_fairness_score", "updated_at") VALUES ('4d7bf43d-6a48-44ba-8249-08bc8b1ef1e6', 3, '{"ATM":1,"WTF":1,"WTM":1}'::jsonb, 'WTF', '2025-11-05T07:58:10.385Z'::timestamp, 3, '2025-11-05T07:58:10.385Z'::timestamp);
INSERT INTO assignment_fairness ("user_id", "total_assignments", "per_position_counts", "last_position", "last_assigned_at", "rolling_fairness_score", "updated_at") VALUES ('1712d237-eaf1-420d-a215-3b3f7e9cfdc8', 3, '{"GF":1,"MA":1,"GF/TF":1}'::jsonb, 'GF/TF', '2025-11-05T07:58:10.338Z'::timestamp, 3, '2025-11-05T07:58:10.338Z'::timestamp);
INSERT INTO assignment_fairness ("user_id", "total_assignments", "per_position_counts", "last_position", "last_assigned_at", "rolling_fairness_score", "updated_at") VALUES ('92411b9a-8cd8-417c-a2fd-85954516956e', 3, '{"GF":1,"MA":1,"Beifahrer":1}'::jsonb, 'Beifahrer', '2025-11-05T07:58:10.369Z'::timestamp, 3, '2025-11-05T07:58:10.369Z'::timestamp);
INSERT INTO assignment_fairness ("user_id", "total_assignments", "per_position_counts", "last_position", "last_assigned_at", "rolling_fairness_score", "updated_at") VALUES ('f720af72-4815-41b5-a711-5f41cc1f0c9d', 3, '{"GF":1,"M4":1,"MA":1}'::jsonb, 'GF', '2025-11-05T07:58:10.375Z'::timestamp, 3, '2025-11-05T07:58:10.375Z'::timestamp);
INSERT INTO assignment_fairness ("user_id", "total_assignments", "per_position_counts", "last_position", "last_assigned_at", "rolling_fairness_score", "updated_at") VALUES ('69f48b51-b7e1-41e9-8d01-bc9126f047af', 2, '{"GF":1,"GF/TF":1}'::jsonb, 'GF/TF', '2025-11-05T06:03:08.200Z'::timestamp, 2, '2025-11-05T06:03:08.200Z'::timestamp);
INSERT INTO assignment_fairness ("user_id", "total_assignments", "per_position_counts", "last_position", "last_assigned_at", "rolling_fairness_score", "updated_at") VALUES ('e53fe24d-9fca-43ba-ba83-735df41a7a4c', 2, '{"M3":1,"M5":1}'::jsonb, 'M3', '2025-11-05T06:03:08.203Z'::timestamp, 2, '2025-11-05T06:03:08.203Z'::timestamp);
INSERT INTO assignment_fairness ("user_id", "total_assignments", "per_position_counts", "last_position", "last_assigned_at", "rolling_fairness_score", "updated_at") VALUES ('6903bae3-071f-4add-bbc5-08c6a2c06644', 2, '{"M4":1,"M6":1}'::jsonb, 'M4', '2025-11-05T06:03:08.207Z'::timestamp, 2, '2025-11-05T06:03:08.207Z'::timestamp);
INSERT INTO assignment_fairness ("user_id", "total_assignments", "per_position_counts", "last_position", "last_assigned_at", "rolling_fairness_score", "updated_at") VALUES ('cdcd3d89-3356-4e52-9530-58df438b9ffd', 2, '{"GF":1,"M6":1}'::jsonb, 'M6', '2025-11-05T06:03:08.210Z'::timestamp, 2, '2025-11-05T06:03:08.210Z'::timestamp);
INSERT INTO assignment_fairness ("user_id", "total_assignments", "per_position_counts", "last_position", "last_assigned_at", "rolling_fairness_score", "updated_at") VALUES ('92103f77-0af4-4003-b812-521a65e01d7f', 2, '{"M5":1,"MA":1}'::jsonb, 'M5', '2025-11-05T06:03:08.212Z'::timestamp, 2, '2025-11-05T06:03:08.212Z'::timestamp);
INSERT INTO assignment_fairness ("user_id", "total_assignments", "per_position_counts", "last_position", "last_assigned_at", "rolling_fairness_score", "updated_at") VALUES ('d22f42f5-8898-4244-8b9b-4c35ae88a3d6', 2, '{"TF":1,"Platz 3":1}'::jsonb, 'Platz 3', '2025-11-05T06:03:08.219Z'::timestamp, 2, '2025-11-05T06:03:08.219Z'::timestamp);
INSERT INTO assignment_fairness ("user_id", "total_assignments", "per_position_counts", "last_position", "last_assigned_at", "rolling_fairness_score", "updated_at") VALUES ('5eea0441-4506-4720-a822-9ff2ecf741e9', 2, '{"MA":1,"Beifahrer":1}'::jsonb, 'Beifahrer', '2025-11-05T06:03:08.221Z'::timestamp, 2, '2025-11-05T06:03:08.221Z'::timestamp);
INSERT INTO assignment_fairness ("user_id", "total_assignments", "per_position_counts", "last_position", "last_assigned_at", "rolling_fairness_score", "updated_at") VALUES ('c4cf03f0-215a-4e8f-a635-8d12eb9f5814', 3, '{"TF":1,"ZF":1,"GF/TF":1}'::jsonb, 'TF', '2025-11-05T06:03:08.230Z'::timestamp, 3, '2025-11-05T06:03:08.230Z'::timestamp);
INSERT INTO assignment_fairness ("user_id", "total_assignments", "per_position_counts", "last_position", "last_assigned_at", "rolling_fairness_score", "updated_at") VALUES ('a07b2445-35ff-4c6d-8483-07cec3df374e', 3, '{"ATM":1,"WTF":1,"WTM":1}'::jsonb, 'WTM', '2025-11-05T06:03:08.244Z'::timestamp, 3, '2025-11-05T06:03:08.244Z'::timestamp);
INSERT INTO assignment_fairness ("user_id", "total_assignments", "per_position_counts", "last_position", "last_assigned_at", "rolling_fairness_score", "updated_at") VALUES ('57175e41-a94e-4d6b-bedd-26e910f37851', 2, '{"TF":1,"MELDER":1}'::jsonb, 'TF', '2025-11-05T06:03:08.246Z'::timestamp, 2, '2025-11-05T06:03:08.246Z'::timestamp);
INSERT INTO assignment_fairness ("user_id", "total_assignments", "per_position_counts", "last_position", "last_assigned_at", "rolling_fairness_score", "updated_at") VALUES ('ef65bd66-08fa-4c11-bd2c-9856fefa7c38', 2, '{"MA":1,"STM":1}'::jsonb, 'MA', '2025-11-05T06:03:08.161Z'::timestamp, 2, '2025-11-05T06:03:08.161Z'::timestamp);
INSERT INTO assignment_fairness ("user_id", "total_assignments", "per_position_counts", "last_position", "last_assigned_at", "rolling_fairness_score", "updated_at") VALUES ('0f994306-7d3b-419b-ba8a-c1899dd7a2d3', 2, '{"ATF":1,"ATM":1}'::jsonb, 'ATM', '2025-11-05T06:03:08.188Z'::timestamp, 2, '2025-11-05T06:03:08.188Z'::timestamp);
INSERT INTO assignment_fairness ("user_id", "total_assignments", "per_position_counts", "last_position", "last_assigned_at", "rolling_fairness_score", "updated_at") VALUES ('a89d88a3-241f-438c-9a89-18035e75f90d', 2, '{"TM":1,"WTF":1}'::jsonb, 'TM', '2025-11-05T06:03:08.232Z'::timestamp, 2, '2025-11-05T06:03:08.232Z'::timestamp);
INSERT INTO assignment_fairness ("user_id", "total_assignments", "per_position_counts", "last_position", "last_assigned_at", "rolling_fairness_score", "updated_at") VALUES ('bff4a4b7-f0cd-40ac-baf1-47780262c350', 3, '{"MA":1,"ATF":1,"ATM":1}'::jsonb, 'MA', '2025-11-05T07:58:10.290Z'::timestamp, 3, '2025-11-05T07:58:10.290Z'::timestamp);
INSERT INTO assignment_fairness ("user_id", "total_assignments", "per_position_counts", "last_position", "last_assigned_at", "rolling_fairness_score", "updated_at") VALUES ('ef959f3e-d79d-4f00-80b2-37356be30ad3', 2, '{"ATM":1,"WTF":1}'::jsonb, 'WTF', '2025-11-05T06:03:08.183Z'::timestamp, 2, '2025-11-05T06:03:08.183Z'::timestamp);
INSERT INTO assignment_fairness ("user_id", "total_assignments", "per_position_counts", "last_position", "last_assigned_at", "rolling_fairness_score", "updated_at") VALUES ('399279f7-87dd-4e86-9277-fa4ab950e2ba', 2, '{"STM":1,"Platz 4":1}'::jsonb, 'Platz 4', '2025-11-05T06:03:08.223Z'::timestamp, 2, '2025-11-05T06:03:08.223Z'::timestamp);
INSERT INTO assignment_fairness ("user_id", "total_assignments", "per_position_counts", "last_position", "last_assigned_at", "rolling_fairness_score", "updated_at") VALUES ('768a2487-13f9-49ec-b57b-d23b3517cc53', 2, '{"MA":2}'::jsonb, 'MA', '2025-11-05T06:03:08.227Z'::timestamp, 2, '2025-11-05T06:03:08.227Z'::timestamp);
INSERT INTO assignment_fairness ("user_id", "total_assignments", "per_position_counts", "last_position", "last_assigned_at", "rolling_fairness_score", "updated_at") VALUES ('673d0abd-b410-4e37-bc27-4519f7c8c23d', 3, '{"MA":1,"ATF":1,"WTM":1}'::jsonb, 'MA', '2025-11-05T07:58:10.268Z'::timestamp, 3, '2025-11-05T07:58:10.268Z'::timestamp);
INSERT INTO assignment_fairness ("user_id", "total_assignments", "per_position_counts", "last_position", "last_assigned_at", "rolling_fairness_score", "updated_at") VALUES ('b9ae0d7a-13cc-4356-a80c-123ce425498e', 2, '{"M4":1,"MA":1}'::jsonb, 'MA', '2025-11-05T06:03:08.180Z'::timestamp, 2, '2025-11-05T06:03:08.180Z'::timestamp);
INSERT INTO assignment_fairness ("user_id", "total_assignments", "per_position_counts", "last_position", "last_assigned_at", "rolling_fairness_score", "updated_at") VALUES ('faf3c73c-53ab-4f02-bf66-7d45a4c073fb', 2, '{"STF":1,"Fahrer":1}'::jsonb, 'Fahrer', '2025-11-05T06:03:08.215Z'::timestamp, 2, '2025-11-05T06:03:08.215Z'::timestamp);
INSERT INTO assignment_fairness ("user_id", "total_assignments", "per_position_counts", "last_position", "last_assigned_at", "rolling_fairness_score", "updated_at") VALUES ('9967b9ab-0e38-486b-b763-04e658c4bcba', 2, '{"STF":1,"Platz 5":1}'::jsonb, 'Platz 5', '2025-11-05T06:03:08.223Z'::timestamp, 2, '2025-11-05T06:03:08.223Z'::timestamp);
INSERT INTO assignment_fairness ("user_id", "total_assignments", "per_position_counts", "last_position", "last_assigned_at", "rolling_fairness_score", "updated_at") VALUES ('973b2832-e319-40f5-8a17-eee9c9a25124', 2, '{"GF":1,"Platz 6":1}'::jsonb, 'Platz 6', '2025-11-05T06:03:08.225Z'::timestamp, 2, '2025-11-05T06:03:08.225Z'::timestamp);
INSERT INTO assignment_fairness ("user_id", "total_assignments", "per_position_counts", "last_position", "last_assigned_at", "rolling_fairness_score", "updated_at") VALUES ('01327d86-ba34-414c-8bbb-b7b83b366b36', 2, '{"GF":1,"M3":1}'::jsonb, 'GF', '2025-11-05T06:03:08.236Z'::timestamp, 2, '2025-11-05T06:03:08.236Z'::timestamp);
INSERT INTO assignment_fairness ("user_id", "total_assignments", "per_position_counts", "last_position", "last_assigned_at", "rolling_fairness_score", "updated_at") VALUES ('777699a7-b63e-4014-be78-443b126dd2e4', 2, '{"MA":1,"FAHRER":1}'::jsonb, 'MA', '2025-11-05T06:03:08.249Z'::timestamp, 2, '2025-11-05T06:03:08.249Z'::timestamp);
INSERT INTO assignment_fairness ("user_id", "total_assignments", "per_position_counts", "last_position", "last_assigned_at", "rolling_fairness_score", "updated_at") VALUES ('aadc3e52-c227-4595-9ed8-9e4b5030dc0e', 2, '{"TM":1,"Platz 4":1}'::jsonb, 'TM', '2025-11-05T07:58:10.289Z'::timestamp, 2, '2025-11-05T07:58:10.289Z'::timestamp);
INSERT INTO assignment_fairness ("user_id", "total_assignments", "per_position_counts", "last_position", "last_assigned_at", "rolling_fairness_score", "updated_at") VALUES ('bd46a359-1851-4171-b8bf-d5d62dfc90c5', 2, '{"GF":1,"M6":1}'::jsonb, 'GF', '2025-11-05T07:58:10.292Z'::timestamp, 2, '2025-11-05T07:58:10.292Z'::timestamp);
INSERT INTO assignment_fairness ("user_id", "total_assignments", "per_position_counts", "last_position", "last_assigned_at", "rolling_fairness_score", "updated_at") VALUES ('09da7a7a-2f66-46ed-9452-aa0211d49083', 2, '{"M1":1,"STF":1}'::jsonb, 'STF', '2025-11-05T07:58:10.300Z'::timestamp, 2, '2025-11-05T07:58:10.300Z'::timestamp);
INSERT INTO assignment_fairness ("user_id", "total_assignments", "per_position_counts", "last_position", "last_assigned_at", "rolling_fairness_score", "updated_at") VALUES ('0e69516c-0233-483a-985e-d81e04457db5', 2, '{"M2":1,"STM":1}'::jsonb, 'STM', '2025-11-05T07:58:10.311Z'::timestamp, 2, '2025-11-05T07:58:10.311Z'::timestamp);
INSERT INTO assignment_fairness ("user_id", "total_assignments", "per_position_counts", "last_position", "last_assigned_at", "rolling_fairness_score", "updated_at") VALUES ('dc17b407-c7c8-44ea-9a79-8493f687ed75', 3, '{"ATF":1,"WTF":1,"WTM":1}'::jsonb, 'WTM', '2025-11-05T07:58:10.310Z'::timestamp, 3, '2025-11-05T07:58:10.310Z'::timestamp);
INSERT INTO assignment_fairness ("user_id", "total_assignments", "per_position_counts", "last_position", "last_assigned_at", "rolling_fairness_score", "updated_at") VALUES ('97bfae86-57c0-4fec-afd1-213e0daffe01', 2, '{"GF":1,"Platz 3":1}'::jsonb, 'GF', '2025-11-05T07:58:10.314Z'::timestamp, 2, '2025-11-05T07:58:10.314Z'::timestamp);
INSERT INTO assignment_fairness ("user_id", "total_assignments", "per_position_counts", "last_position", "last_assigned_at", "rolling_fairness_score", "updated_at") VALUES ('823d7174-54f6-412e-9948-51db8fad206b', 2, '{"M5":1,"STF":1}'::jsonb, 'STF', '2025-11-05T07:58:10.324Z'::timestamp, 2, '2025-11-05T07:58:10.324Z'::timestamp);
INSERT INTO assignment_fairness ("user_id", "total_assignments", "per_position_counts", "last_position", "last_assigned_at", "rolling_fairness_score", "updated_at") VALUES ('a310da0e-8af8-460b-a150-f2927c50be07', 2, '{"STM":1,"Fahrer":1}'::jsonb, 'STM', '2025-11-05T07:58:10.333Z'::timestamp, 2, '2025-11-05T07:58:10.333Z'::timestamp);
INSERT INTO assignment_fairness ("user_id", "total_assignments", "per_position_counts", "last_position", "last_assigned_at", "rolling_fairness_score", "updated_at") VALUES ('e9e9d231-6fe4-46d5-ae69-7240b8955aca', 2, '{"M1":1,"Beifahrer":1}'::jsonb, 'M1', '2025-11-05T07:58:10.341Z'::timestamp, 2, '2025-11-05T07:58:10.341Z'::timestamp);
INSERT INTO assignment_fairness ("user_id", "total_assignments", "per_position_counts", "last_position", "last_assigned_at", "rolling_fairness_score", "updated_at") VALUES ('2d62055e-be00-480e-a01a-e65fca857fcc', 2, '{"MA":1,"WTM":1}'::jsonb, 'MA', '2025-11-05T06:03:08.140Z'::timestamp, 2, '2025-11-05T06:03:08.140Z'::timestamp);
INSERT INTO assignment_fairness ("user_id", "total_assignments", "per_position_counts", "last_position", "last_assigned_at", "rolling_fairness_score", "updated_at") VALUES ('f8995539-18ab-4ee9-b7b6-0a1c39a2fdcb', 3, '{"ATF":1,"ATM":1,"WTF":1}'::jsonb, 'WTF', '2025-11-05T06:03:08.246Z'::timestamp, 3, '2025-11-05T06:03:08.246Z'::timestamp);
INSERT INTO assignment_fairness ("user_id", "total_assignments", "per_position_counts", "last_position", "last_assigned_at", "rolling_fairness_score", "updated_at") VALUES ('f6fa0eee-dc47-4071-9b7c-9850d90c7074', 3, '{"MA":1,"TF":1,"ZF/GF":1}'::jsonb, 'MA', '2025-11-05T07:58:10.271Z'::timestamp, 3, '2025-11-05T07:58:10.271Z'::timestamp);
INSERT INTO assignment_fairness ("user_id", "total_assignments", "per_position_counts", "last_position", "last_assigned_at", "rolling_fairness_score", "updated_at") VALUES ('4e04a930-4b71-4918-9b8c-fa716b025f29', 3, '{"TR1":1,"FUNK":1,"FUEASS":1}'::jsonb, 'FUEASS', '2025-11-05T07:58:10.278Z'::timestamp, 3, '2025-11-05T07:58:10.278Z'::timestamp);
INSERT INTO assignment_fairness ("user_id", "total_assignments", "per_position_counts", "last_position", "last_assigned_at", "rolling_fairness_score", "updated_at") VALUES ('485a5fb8-4a95-4361-a355-c6d324b5459f', 3, '{"ATF":1,"ATM":1,"WTF":1}'::jsonb, 'ATM', '2025-11-05T07:58:10.297Z'::timestamp, 3, '2025-11-05T07:58:10.297Z'::timestamp);
INSERT INTO assignment_fairness ("user_id", "total_assignments", "per_position_counts", "last_position", "last_assigned_at", "rolling_fairness_score", "updated_at") VALUES ('4dd0b5dd-2b5e-40e6-9b4f-1a07b370f147', 3, '{"ATF":1,"ATM":1,"WTF":1}'::jsonb, 'ATM', '2025-11-05T07:58:10.319Z'::timestamp, 3, '2025-11-05T07:58:10.319Z'::timestamp);
INSERT INTO assignment_fairness ("user_id", "total_assignments", "per_position_counts", "last_position", "last_assigned_at", "rolling_fairness_score", "updated_at") VALUES ('09db85eb-ec97-4d14-94c5-b894da46a8d2', 3, '{"M6":1,"STF":1,"STM":1}'::jsonb, 'M6', '2025-11-05T07:58:10.345Z'::timestamp, 3, '2025-11-05T07:58:10.345Z'::timestamp);
INSERT INTO assignment_fairness ("user_id", "total_assignments", "per_position_counts", "last_position", "last_assigned_at", "rolling_fairness_score", "updated_at") VALUES ('08468e4e-cee0-4069-aee1-25be3864d359', 3, '{"TF":1,"TM":1,"Fahrer":1}'::jsonb, 'Fahrer', '2025-11-05T07:58:10.350Z'::timestamp, 3, '2025-11-05T07:58:10.350Z'::timestamp);
INSERT INTO assignment_fairness ("user_id", "total_assignments", "per_position_counts", "last_position", "last_assigned_at", "rolling_fairness_score", "updated_at") VALUES ('9bc6a54f-b4a5-4eff-9338-70726a938803', 3, '{"GF":1,"TM":1,"WTF":1}'::jsonb, 'TM', '2025-11-05T07:58:10.375Z'::timestamp, 3, '2025-11-05T07:58:10.375Z'::timestamp);
INSERT INTO assignment_fairness ("user_id", "total_assignments", "per_position_counts", "last_position", "last_assigned_at", "rolling_fairness_score", "updated_at") VALUES ('b1aa5b04-6da0-4540-8678-e491abe04fc9', 3, '{"MA":2,"TM":1}'::jsonb, 'MA', '2025-11-05T07:58:10.382Z'::timestamp, 3, '2025-11-05T07:58:10.382Z'::timestamp);
INSERT INTO assignment_fairness ("user_id", "total_assignments", "per_position_counts", "last_position", "last_assigned_at", "rolling_fairness_score", "updated_at") VALUES ('f1728df0-028f-4c29-9ff3-13f0f62bc101', 3, '{"M5":1,"STF":1,"STM":1}'::jsonb, 'M5', '2025-11-05T07:58:10.347Z'::timestamp, 3, '2025-11-05T07:58:10.347Z'::timestamp);
INSERT INTO assignment_fairness ("user_id", "total_assignments", "per_position_counts", "last_position", "last_assigned_at", "rolling_fairness_score", "updated_at") VALUES ('751ed530-9871-4017-a696-5366126cfabc', 3, '{"M1":1,"MA":1,"Platz 5":1}'::jsonb, 'Platz 5', '2025-11-05T07:58:10.363Z'::timestamp, 3, '2025-11-05T07:58:10.363Z'::timestamp);

-- Tabelle: alarm_events (3 Zeilen)
TRUNCATE TABLE alarm_events CASCADE;
INSERT INTO alarm_events ("id", "alarm_id", "einsatznummer", "alarmierungszeit", "ort", "ortsteil", "ortslage", "strasse", "hausnummer", "objekt", "zusaetzliche_ortsangaben", "einsatzkoordinaten_lat", "einsatzkoordinaten_lon", "einsatzart", "stichwort", "sondersignal", "besonderheiten", "alarmierte_einsatzmittel", "alarmierte_wachen", "empfangen_am", "verarbeitet", "crew_neu_zugeteilt", "raw_data") VALUES (1, 'TEST-1762324634022', 'EVT1762324634022', '2025-11-05T06:37:14.022Z'::timestamp, 'Test', 'Zentrum', NULL, 'Teststr', '1', NULL, NULL, NULL, NULL, 'Brand', 'TEST:E2E', TRUE, NULL, '{}', '{}', '2025-11-05T06:37:14.034Z'::timestamp, FALSE, FALSE, '{"ort":"Test","strasse":"Teststr","stichwort":"TEST:E2E","einsatzart":"Brand","hausnummer":"1","sondersignal":"1","einsatznummer":"TEST-E2E-001","alarmierungszeit":"2025-11-05T12:00:00Z","alarmierte_wachen":[],"alarmierte_einsatzmittel":[]}'::jsonb);
INSERT INTO alarm_events ("id", "alarm_id", "einsatznummer", "alarmierungszeit", "ort", "ortsteil", "ortslage", "strasse", "hausnummer", "objekt", "zusaetzliche_ortsangaben", "einsatzkoordinaten_lat", "einsatzkoordinaten_lon", "einsatzart", "stichwort", "sondersignal", "besonderheiten", "alarmierte_einsatzmittel", "alarmierte_wachen", "empfangen_am", "verarbeitet", "crew_neu_zugeteilt", "raw_data") VALUES (2, 'TEST-1762327591392', 'EVT1762327591392', '2025-11-05T07:26:31.392Z'::timestamp, 'Schwedt/Oder', 'Stadtmitte', NULL, 'Musterstraße', '42', NULL, NULL, NULL, NULL, 'Brandeinsatz', 'B:Klein', TRUE, NULL, ARRAY['LF 10','DLK 23']::text[], ARRAY['Feuerwehr Schwedt']::text[], '2025-11-05T07:26:31.412Z'::timestamp, FALSE, FALSE, '{"ort":"Schwedt/Oder","strasse":"Musterstraße","ortsteil":"Stadtmitte","stichwort":"B:Klein","einsatzart":"Brandeinsatz","hausnummer":"42","sondersignal":true,"einsatznummer":"2024-TEST-001","alarmierungszeit":"2025-11-05T07:26:09.255Z","alarmierte_wachen":["Feuerwehr Schwedt"],"alarmierte_einsatzmittel":["LF 10","DLK 23"]}'::jsonb);
INSERT INTO alarm_events ("id", "alarm_id", "einsatznummer", "alarmierungszeit", "ort", "ortsteil", "ortslage", "strasse", "hausnummer", "objekt", "zusaetzliche_ortsangaben", "einsatzkoordinaten_lat", "einsatzkoordinaten_lon", "einsatzart", "stichwort", "sondersignal", "besonderheiten", "alarmierte_einsatzmittel", "alarmierte_wachen", "empfangen_am", "verarbeitet", "crew_neu_zugeteilt", "raw_data") VALUES (3, 'TEST-1762328737849', '2024-TEST-001', '2025-11-05T07:44:05.337Z'::timestamp, 'Schwedt/Oder', 'Stadtmitte', NULL, 'Musterstraße', '42', NULL, NULL, NULL, NULL, 'Brandeinsatz', 'B:Klein', TRUE, NULL, ARRAY['LF 10','DLK 23']::text[], ARRAY['Feuerwehr Schwedt']::text[], '2025-11-05T07:45:37.863Z'::timestamp, FALSE, FALSE, '{"ort":"Schwedt/Oder","strasse":"Musterstraße","ortsteil":"Stadtmitte","stichwort":"B:Klein","einsatzart":"Brandeinsatz","hausnummer":"42","sondersignal":true,"einsatznummer":"2024-TEST-001","alarmierungszeit":"2025-11-05T07:44:05.337Z","alarmierte_wachen":["Feuerwehr Schwedt"],"alarmierte_einsatzmittel":["LF 10","DLK 23"]}'::jsonb);

-- Tabelle: aao_stichworte (16 Zeilen)
TRUNCATE TABLE aao_stichworte CASCADE;
INSERT INTO aao_stichworte ("id", "stichwort", "kategorie", "beschreibung", "fahrzeuge", "taktische_einheit", "bemerkung", "aktiv", "erstellt_am") VALUES (1, 'B:Klein', 'brand', 'Kleinbrand - z.B. Mülleimerbrand, brennende Hecke', ARRAY['LF 10']::text[], NULL, 'Standardalarmierung für kleinere Brände', TRUE, '2025-11-05T06:18:01.188Z'::timestamp);
INSERT INTO aao_stichworte ("id", "stichwort", "kategorie", "beschreibung", "fahrzeuge", "taktische_einheit", "bemerkung", "aktiv", "erstellt_am") VALUES (3, 'B:Groß', 'brand', 'Großbrand - z.B. Gebäudebrand, Hallenbrand', ARRAY['LF 10','LF 16','DLK 23','TLF 16']::text[], NULL, 'Vollalarmierung aller verfügbaren Kräfte', TRUE, '2025-11-05T06:18:01.188Z'::timestamp);
INSERT INTO aao_stichworte ("id", "stichwort", "kategorie", "beschreibung", "fahrzeuge", "taktische_einheit", "bemerkung", "aktiv", "erstellt_am") VALUES (4, 'B:BMA', 'brand', 'Brandmeldeanlage ausgelöst', ARRAY['LF 10','DLK 23']::text[], NULL, 'Automatische Brandmeldeanlage', TRUE, '2025-11-05T06:18:01.188Z'::timestamp);
INSERT INTO aao_stichworte ("id", "stichwort", "kategorie", "beschreibung", "fahrzeuge", "taktische_einheit", "bemerkung", "aktiv", "erstellt_am") VALUES (7, 'B:Wald', 'brand', 'Waldbrand', ARRAY['LF 10','TLF 16','MTW']::text[], NULL, 'Wald- oder Flächenbrand', TRUE, '2025-11-05T06:18:01.188Z'::timestamp);
INSERT INTO aao_stichworte ("id", "stichwort", "kategorie", "beschreibung", "fahrzeuge", "taktische_einheit", "bemerkung", "aktiv", "erstellt_am") VALUES (9, 'H:VU', 'hilfeleistung', 'Verkehrsunfall ohne Einklemmung', ARRAY['LF 10','RW 1']::text[], NULL, 'Verkehrsunfall, keine eingeklemmten Personen', TRUE, '2025-11-05T06:18:01.188Z'::timestamp);
INSERT INTO aao_stichworte ("id", "stichwort", "kategorie", "beschreibung", "fahrzeuge", "taktische_einheit", "bemerkung", "aktiv", "erstellt_am") VALUES (10, 'H:VU P', 'hilfeleistung', 'Verkehrsunfall mit eingeklemmter Person', ARRAY['LF 10','LF 16','RW 1','DLK 23']::text[], NULL, 'Verkehrsunfall mit eingeklemmten Personen, schwere technische Hilfeleistung', TRUE, '2025-11-05T06:18:01.188Z'::timestamp);
INSERT INTO aao_stichworte ("id", "stichwort", "kategorie", "beschreibung", "fahrzeuge", "taktische_einheit", "bemerkung", "aktiv", "erstellt_am") VALUES (11, 'H:Klein', 'hilfeleistung', 'Kleine technische Hilfeleistung', ARRAY['LF 10']::text[], NULL, 'Kleinere Hilfeleistungen ohne besondere Ausrüstung', TRUE, '2025-11-05T06:18:01.188Z'::timestamp);
INSERT INTO aao_stichworte ("id", "stichwort", "kategorie", "beschreibung", "fahrzeuge", "taktische_einheit", "bemerkung", "aktiv", "erstellt_am") VALUES (12, 'H:Mittel', 'hilfeleistung', 'Mittlere technische Hilfeleistung', ARRAY['LF 10','RW 1']::text[], NULL, 'Technische Hilfeleistung mit Spezialgerät', TRUE, '2025-11-05T06:18:01.188Z'::timestamp);
INSERT INTO aao_stichworte ("id", "stichwort", "kategorie", "beschreibung", "fahrzeuge", "taktische_einheit", "bemerkung", "aktiv", "erstellt_am") VALUES (13, 'H:Tier', 'hilfeleistung', 'Tierrettung', ARRAY['LF 10','DLK 23']::text[], NULL, 'Rettung von Tieren in Notlage (z.B. Katze auf Baum)', TRUE, '2025-11-05T06:18:01.188Z'::timestamp);
INSERT INTO aao_stichworte ("id", "stichwort", "kategorie", "beschreibung", "fahrzeuge", "taktische_einheit", "bemerkung", "aktiv", "erstellt_am") VALUES (14, 'H:Wasser', 'hilfeleistung', 'Wasserschaden / Überflutung', ARRAY['LF 10','LF 16']::text[], NULL, 'Auspumpen von Kellern, Beseitigung von Wasserschäden', TRUE, '2025-11-05T06:18:01.188Z'::timestamp);
INSERT INTO aao_stichworte ("id", "stichwort", "kategorie", "beschreibung", "fahrzeuge", "taktische_einheit", "bemerkung", "aktiv", "erstellt_am") VALUES (15, 'H:Person', 'hilfeleistung', 'Personenrettung', ARRAY['LF 10','DLK 23']::text[], NULL, 'Rettung von Personen aus Notlage', TRUE, '2025-11-05T06:18:01.188Z'::timestamp);
INSERT INTO aao_stichworte ("id", "stichwort", "kategorie", "beschreibung", "fahrzeuge", "taktische_einheit", "bemerkung", "aktiv", "erstellt_am") VALUES (16, 'H:Türnotöffnung', 'hilfeleistung', 'Türöffnung / Wohnungsöffnung', ARRAY['LF 10']::text[], NULL, 'Notöffnung von Türen bei akuter Gefahr', TRUE, '2025-11-05T06:18:01.188Z'::timestamp);
INSERT INTO aao_stichworte ("id", "stichwort", "kategorie", "beschreibung", "fahrzeuge", "taktische_einheit", "bemerkung", "aktiv", "erstellt_am") VALUES (6, 'B:PKW', 'brand', 'Fahrzeugbrand', ARRAY['LF 10','LF 16']::text[], NULL, 'PKW, LKW oder sonstiges Kraftfahrzeug brennt', TRUE, '2025-11-05T06:18:01.188Z'::timestamp);
INSERT INTO aao_stichworte ("id", "stichwort", "kategorie", "beschreibung", "fahrzeuge", "taktische_einheit", "bemerkung", "aktiv", "erstellt_am") VALUES (5, 'B:Gebäude-Groß', 'brand', 'Gebäudebrand', ARRAY['LF 10','LF 16','DLK 23','TLF 16']::text[], NULL, 'Brand in bewohntem/gewerblich genutztem Gebäude', TRUE, '2025-11-05T06:18:01.188Z'::timestamp);
INSERT INTO aao_stichworte ("id", "stichwort", "kategorie", "beschreibung", "fahrzeuge", "taktische_einheit", "bemerkung", "aktiv", "erstellt_am") VALUES (18, 'B:Gebäude-klein', 'brand', 'Gebäudebrand', ARRAY['LF 10','LF 16','DLK 23','TLF 16','3/19/1','','Florian Test 1/46/1']::text[], NULL, 'Brand in bewohntem/gewerblich genutztem Gebäude', TRUE, '2025-11-05T07:08:03.205Z'::timestamp);
INSERT INTO aao_stichworte ("id", "stichwort", "kategorie", "beschreibung", "fahrzeuge", "taktische_einheit", "bemerkung", "aktiv", "erstellt_am") VALUES (20, 'B:Gebäude-Großtest', 'brand', 'Gebäudebrand', ARRAY['LF 10','LF 16','DLK 23','TLF 16','Florian Schwedt 1/XX/1']::text[], NULL, 'Brand in bewohntem/gewerblich genutztem Gebäude', TRUE, '2025-11-05T07:11:53.908Z'::timestamp);

-- Tabelle: maengel_meldungen (1 Zeilen)
TRUNCATE TABLE maengel_meldungen CASCADE;
INSERT INTO maengel_meldungen ("id", "vehicle_id", "beschreibung", "status", "melder_id", "fotos", "erstellt_am", "behoben_am", "bemerkung") VALUES (1, 4, 'Testmangel - Reifen beschädigt', 'in_bearbeitung', 'ba0406a0-fb40-43da-99cb-cf448b9469e5', '{}', '2025-11-03T16:38:22.422Z'::timestamp, NULL, NULL);

-- Reset sequences to prevent ID collisions
SELECT setval('qualifikationen_id_seq', (SELECT COALESCE(MAX(id), 1) FROM qualifikationen), true);
SELECT setval('vehicles_id_seq', (SELECT COALESCE(MAX(id), 1) FROM vehicles), true);
SELECT setval('vehicle_configs_id_seq', (SELECT COALESCE(MAX(id), 1) FROM vehicle_configs), true);
SELECT setval('einsatz_id_seq', (SELECT COALESCE(MAX(id), 1) FROM einsatz), true);
SELECT setval('settings_id_seq', (SELECT COALESCE(MAX(id), 1) FROM settings), true);
SELECT setval('termine_id_seq', (SELECT COALESCE(MAX(id), 1) FROM termine), true);
SELECT setval('termin_zusagen_id_seq', (SELECT COALESCE(MAX(id), 1) FROM termin_zusagen), true);
SELECT setval('push_subscriptions_id_seq', (SELECT COALESCE(MAX(id), 1) FROM push_subscriptions), true);
SELECT setval('availabilities_id_seq', (SELECT COALESCE(MAX(id), 1) FROM availabilities), true);
SELECT setval('availability_templates_id_seq', (SELECT COALESCE(MAX(id), 1) FROM availability_templates), true);
SELECT setval('user_reminder_settings_id_seq', (SELECT COALESCE(MAX(id), 1) FROM user_reminder_settings), true);
SELECT setval('current_assignments_id_seq', (SELECT COALESCE(MAX(id), 1) FROM current_assignments), true);
SELECT setval('assignment_history_id_seq', (SELECT COALESCE(MAX(id), 1) FROM assignment_history), true);
SELECT setval('assignment_fairness_id_seq', (SELECT COALESCE(MAX(id), 1) FROM assignment_fairness), true);
SELECT setval('alarm_events_id_seq', (SELECT COALESCE(MAX(id), 1) FROM alarm_events), true);
SELECT setval('aao_stichworte_id_seq', (SELECT COALESCE(MAX(id), 1) FROM aao_stichworte), true);
SELECT setval('maengel_meldungen_id_seq', (SELECT COALESCE(MAX(id), 1) FROM maengel_meldungen), true);

COMMIT;

-- Export abgeschlossen: 508 Zeilen insgesamt
